date,ger_hard-coal,ger_gas,ger_oil,ger_other-non-renewables,ger_wind-on-shore,ger_wind-off-shore,ger_solar-pv,ger_other-renewables,ger_failure
2025-01-01 00:00:00,-0.0,41735.417,-0.0,-0.0,1683.392,317.191,-0.0,4466.0,-0.0
2025-01-01 01:00:00,-0.0,40182.107,-0.0,-0.0,1770.464,331.429,-0.0,4466.0,-0.0
2025-01-01 02:00:00,-0.0,39590.905,-0.0,-0.0,1944.608,361.487,-0.0,4466.0,-0.0
2025-01-01 03:00:00,-0.0,39754.431,-0.0,-0.0,2031.68,378.889,-0.0,4466.0,-0.0
2025-01-01 04:00:00,-0.0,40146.822,-0.0,-0.0,2118.752,384.426,-0.0,4466.0,-0.0
2025-01-01 05:00:00,-0.0,43560.823,-0.0,-0.0,2162.288,378.889,-0.0,4466.0,-0.0
2025-01-01 06:00:00,2362.0,43672.0,-0.0,2284.6189999999997,2191.312,363.069,-0.0,4466.0,-0.0
2025-01-01 07:00:00,2362.0,43672.0,-0.0,5639.959,2147.776,328.265,-0.0,4466.0,-0.0
2025-01-01 08:00:00,2362.0,43672.0,-0.0,5821.885,2060.704,277.641,199.77,4466.0,-0.0
2025-01-01 09:00:00,2362.0,43672.0,-0.0,8001.021,1915.584,214.361,839.034,4466.0,-0.0
2025-01-01 10:00:00,2362.0,43672.0,866.0,8239.0,1741.44,225.435,1558.206,4466.0,844.9189999999999
2025-01-01 11:00:00,2362.0,43672.0,866.0,8239.0,1683.392,170.065,2077.608,4466.0,920.9349999999997
2025-01-01 12:00:00,2362.0,43672.0,866.0,8239.0,1639.856,125.769,2157.516,4466.0,364.8589999999999
2025-01-01 13:00:00,2362.0,43672.0,866.0,8239.0,1407.664,102.039,1718.022,4466.0,105.27500000000009
2025-01-01 14:00:00,2362.0,43672.0,866.0,8239.0,1233.52,80.682,998.85,4466.0,845.9480000000003
2025-01-01 15:00:00,2362.0,43672.0,866.0,8239.0,1146.448,64.071,199.77,4466.0,3219.7109999999993
2025-01-01 16:00:00,2362.0,43672.0,866.0,8239.0,1059.376,49.833,-0.0,4466.0,6772.791
2025-01-01 17:00:00,2362.0,43672.0,866.0,8239.0,943.28,30.849,-0.0,4466.0,6919.871
2025-01-01 18:00:00,2362.0,43672.0,866.0,8239.0,812.672,15.029,-0.0,4466.0,5654.298999999999
2025-01-01 19:00:00,2362.0,43672.0,866.0,8239.0,696.576,7.119,-0.0,4466.0,2421.305
2025-01-01 20:00:00,2362.0,43672.0,731.4709999999995,8239.0,594.992,5.537,-0.0,4466.0,-0.0
2025-01-01 21:00:00,2362.0,43672.0,-0.0,7076.961,507.92,7.119,-0.0,4466.0,-0.0
2025-01-01 22:00:00,2362.0,43672.0,-0.0,3485.315,377.312,2.373,-0.0,4466.0,-0.0
2025-01-01 23:00:00,2362.0,43672.0,-0.0,344.33899999999994,348.288,2.373,-0.0,4466.0,-0.0
2025-01-02 00:00:00,2362.0,43672.0,-0.0,2479.548,348.288,3.164,-0.0,4466.0,-0.0
2025-01-02 01:00:00,2362.0,43672.0,-0.0,1403.757,348.288,3.955,-0.0,4466.0,-0.0
2025-01-02 02:00:00,2362.0,43672.0,-0.0,1736.8020000000001,348.288,7.91,-0.0,4466.0,-0.0
2025-01-02 03:00:00,2362.0,43672.0,-0.0,3744.6140000000005,377.312,11.074,-0.0,4466.0,-0.0
2025-01-02 04:00:00,2362.0,43672.0,-0.0,7760.147,391.824,15.029,-0.0,4466.0,-0.0
2025-01-02 05:00:00,2362.0,43672.0,866.0,8239.0,464.384,17.402,-0.0,4466.0,3902.214
2025-01-02 06:00:00,2362.0,43672.0,866.0,8239.0,536.944,18.984,-0.0,4466.0,8634.072
2025-01-02 07:00:00,2362.0,43672.0,866.0,8239.0,580.48,22.148,-0.0,4466.0,11196.372000000001
2025-01-02 08:00:00,2362.0,43672.0,866.0,8239.0,609.504,24.521,359.586,4466.0,12462.389
2025-01-02 09:00:00,2362.0,43672.0,866.0,8239.0,609.504,27.685,1638.114,4466.0,12947.697
2025-01-02 10:00:00,2362.0,43672.0,866.0,8239.0,551.456,23.73,3076.458,4466.0,13242.356
2025-01-02 11:00:00,2362.0,43672.0,866.0,8239.0,551.456,22.148,4035.354,4466.0,13188.042000000001
2025-01-02 12:00:00,2362.0,43672.0,866.0,8239.0,624.016,24.521,4235.124,4466.0,12455.339
2025-01-02 13:00:00,2362.0,43672.0,866.0,8239.0,711.088,26.103,3436.044,4466.0,12073.765000000001
2025-01-02 14:00:00,2362.0,43672.0,866.0,8239.0,711.088,26.103,1917.792,4466.0,12921.017000000002
2025-01-02 15:00:00,2362.0,43672.0,866.0,8239.0,696.576,27.685,399.54,4466.0,15716.198999999997
2025-01-02 16:00:00,2362.0,43672.0,866.0,8239.0,928.768,34.013,-0.0,4466.0,19140.219
2025-01-02 17:00:00,2362.0,43672.0,866.0,8239.0,1146.448,43.505,-0.0,4466.0,19041.047
2025-01-02 18:00:00,2362.0,43672.0,866.0,8239.0,1378.64,56.161,-0.0,4466.0,16958.199
2025-01-02 19:00:00,2362.0,43672.0,866.0,8239.0,1494.736,68.026,-0.0,4466.0,12560.238
2025-01-02 20:00:00,2362.0,43672.0,866.0,8239.0,1639.856,83.846,-0.0,4466.0,8195.298
2025-01-02 21:00:00,2362.0,43672.0,866.0,8239.0,1784.976,94.92,-0.0,4466.0,4815.103999999999
2025-01-02 22:00:00,2362.0,43672.0,866.0,8239.0,1901.072,118.65,-0.0,4466.0,398.278
2025-01-02 23:00:00,2362.0,43672.0,-0.0,5876.956,1973.632,104.412,-0.0,4466.0,-0.0
2025-01-03 00:00:00,2362.0,43672.0,-0.0,3016.5870000000004,1959.12,97.293,-0.0,4466.0,-0.0
2025-01-03 01:00:00,2362.0,43672.0,-0.0,1946.6570000000002,1973.632,95.711,-0.0,4466.0,-0.0
2025-01-03 02:00:00,2362.0,43672.0,-0.0,2468.0519999999997,1857.536,104.412,-0.0,4466.0,-0.0
2025-01-03 03:00:00,2362.0,43672.0,-0.0,4375.469,1814.0,111.531,-0.0,4466.0,-0.0
2025-01-03 04:00:00,2362.0,43672.0,-0.0,8168.977000000001,1814.0,121.023,-0.0,4466.0,-0.0
2025-01-03 05:00:00,2362.0,43672.0,866.0,8239.0,1901.072,132.888,-0.0,4466.0,4203.04
2025-01-03 06:00:00,2362.0,43672.0,866.0,8239.0,2060.704,149.499,-0.0,4466.0,8758.797
2025-01-03 07:00:00,2362.0,43672.0,866.0,8239.0,2278.384,178.766,-0.0,4466.0,11077.85
2025-01-03 08:00:00,2362.0,43672.0,866.0,8239.0,2423.504,214.361,958.896,4466.0,11302.238999999998
2025-01-03 09:00:00,2362.0,43672.0,866.0,8239.0,2307.408,257.075,3835.584,4466.0,9380.933
2025-01-03 10:00:00,2362.0,43672.0,866.0,8239.0,1857.536,242.837,6632.364,4466.0,8326.263
2025-01-03 11:00:00,2362.0,43672.0,866.0,8239.0,1422.176,227.808,8510.202,4466.0,7448.814000000002
2025-01-03 12:00:00,2362.0,43672.0,866.0,8239.0,1219.008,216.734,8789.88,4466.0,6830.378000000001
2025-01-03 13:00:00,2362.0,43672.0,866.0,8239.0,1219.008,206.451,7231.674,4466.0,7300.867000000002
2025-01-03 14:00:00,2362.0,43672.0,866.0,8239.0,1436.688,196.959,4195.17,4466.0,9561.182999999999
2025-01-03 15:00:00,2362.0,43672.0,866.0,8239.0,2017.168,200.123,799.08,4466.0,13952.629
2025-01-03 16:00:00,2362.0,43672.0,866.0,8239.0,2641.184,212.779,-0.0,4466.0,18665.037
2025-01-03 17:00:00,2362.0,43672.0,866.0,8239.0,3134.592,239.673,-0.0,4466.0,18475.735
2025-01-03 18:00:00,2362.0,43672.0,866.0,8239.0,3424.832,280.014,-0.0,4466.0,16365.154
2025-01-03 19:00:00,2362.0,43672.0,866.0,8239.0,3628.0,338.548,-0.0,4466.0,11873.452
2025-01-03 20:00:00,2362.0,43672.0,866.0,8239.0,3744.096,388.381,-0.0,4466.0,7632.523000000001
2025-01-03 21:00:00,2362.0,43672.0,866.0,8239.0,3889.216,442.96,-0.0,4466.0,4510.8240000000005
2025-01-03 22:00:00,2362.0,43672.0,866.0,8239.0,3816.656,503.867,-0.0,4466.0,225.47699999999986
2025-01-03 23:00:00,2362.0,43672.0,-0.0,5621.049,3947.264,519.687,-0.0,4466.0,-0.0
2025-01-04 00:00:00,2362.0,43672.0,-0.0,2464.998,4063.36,523.642,-0.0,4466.0,-0.0
2025-01-04 01:00:00,2362.0,43672.0,-0.0,1269.2299999999996,3990.8,529.97,-0.0,4466.0,-0.0
2025-01-04 02:00:00,2362.0,43672.0,-0.0,1113.2679999999996,4063.36,547.372,-0.0,4466.0,-0.0
2025-01-04 03:00:00,2362.0,43672.0,-0.0,2489.344,4208.48,582.176,-0.0,4466.0,-0.0
2025-01-04 04:00:00,2362.0,43672.0,-0.0,5705.745,4411.648,614.607,-0.0,4466.0,-0.0
2025-01-04 05:00:00,2362.0,43672.0,866.0,8239.0,4687.376,628.845,-0.0,4466.0,1464.7789999999995
2025-01-04 06:00:00,2362.0,43672.0,866.0,8239.0,5021.152,635.173,-0.0,4466.0,5857.674999999999
2025-01-04 07:00:00,2362.0,43672.0,866.0,8239.0,5311.392,654.157,-0.0,4466.0,8154.451000000001
2025-01-04 08:00:00,2362.0,43672.0,866.0,8239.0,5543.584,662.858,1158.666,4466.0,8024.892000000001
2025-01-04 09:00:00,2362.0,43672.0,866.0,8239.0,5587.12,663.649,4195.17,4466.0,5795.061000000001
2025-01-04 10:00:00,2362.0,43672.0,866.0,8239.0,5456.512,656.53,6912.042,4466.0,4583.915999999998
2025-01-04 11:00:00,2362.0,43672.0,866.0,8239.0,4977.616,658.903,8350.386,4466.0,4191.094999999999
2025-01-04 12:00:00,2362.0,43672.0,866.0,8239.0,4585.792,657.321,8110.662,4466.0,4341.224999999999
2025-01-04 13:00:00,2362.0,43672.0,866.0,8239.0,4440.672,669.186,6352.686,4466.0,5205.456000000001
2025-01-04 14:00:00,2362.0,43672.0,866.0,8239.0,4339.088,663.649,3555.906,4466.0,7608.357000000002
2025-01-04 15:00:00,2362.0,43672.0,866.0,8239.0,4339.088,647.038,759.126,4466.0,11904.748
2025-01-04 16:00:00,2362.0,43672.0,866.0,8239.0,4426.16,650.993,-0.0,4466.0,16454.847
2025-01-04 17:00:00,2362.0,43672.0,866.0,8239.0,4600.304,673.141,-0.0,4466.0,16410.555
2025-01-04 18:00:00,2362.0,43672.0,866.0,8239.0,4716.4,677.887,-0.0,4466.0,14404.713000000002
2025-01-04 19:00:00,2362.0,43672.0,866.0,8239.0,4890.544,685.006,-0.0,4466.0,9889.45
2025-01-04 20:00:00,2362.0,43672.0,866.0,8239.0,4948.592,686.588,-0.0,4466.0,5619.820000000001
2025-01-04 21:00:00,2362.0,43672.0,866.0,8239.0,4992.128,686.588,-0.0,4466.0,2439.2840000000006
2025-01-04 22:00:00,2362.0,43672.0,-0.0,7235.032,4701.888,696.08,-0.0,4466.0,-0.0
2025-01-04 23:00:00,2362.0,43672.0,-0.0,3336.7030000000004,4847.008,695.289,-0.0,4466.0,-0.0
2025-01-05 00:00:00,2252.284999999996,43672.0,-0.0,-0.0,4847.008,693.707,-0.0,4466.0,-0.0
2025-01-05 01:00:00,1104.1059999999998,43672.0,-0.0,-0.0,4701.888,685.006,-0.0,4466.0,-0.0
2025-01-05 02:00:00,1538.375,43672.0,-0.0,-0.0,4411.648,669.977,-0.0,4466.0,-0.0
2025-01-05 03:00:00,2362.0,43672.0,-0.0,1187.8500000000004,4179.456,659.694,-0.0,4466.0,-0.0
2025-01-05 04:00:00,2362.0,43672.0,-0.0,4966.1,4005.312,686.588,-0.0,4466.0,-0.0
2025-01-05 05:00:00,2362.0,43672.0,866.0,8239.0,4048.848,688.961,-0.0,4466.0,1086.1909999999998
2025-01-05 06:00:00,2362.0,43672.0,866.0,8239.0,4237.504,669.186,-0.0,4466.0,5944.31
2025-01-05 07:00:00,2362.0,43672.0,866.0,8239.0,4600.304,678.678,-0.0,4466.0,8360.018
2025-01-05 08:00:00,2362.0,43672.0,866.0,8239.0,4817.984,670.768,239.724,4466.0,9577.524
2025-01-05 09:00:00,2362.0,43672.0,866.0,8239.0,5108.224,633.591,1398.39,4466.0,9705.795
2025-01-05 10:00:00,2362.0,43672.0,866.0,8239.0,5267.856,639.919,2517.102,4466.0,9799.123000000001
2025-01-05 11:00:00,2362.0,43672.0,866.0,8239.0,5616.144,653.366,3276.228,4466.0,8920.262
2025-01-05 12:00:00,2362.0,43672.0,866.0,8239.0,5906.384,643.083,3635.814,4466.0,7194.718999999999
2025-01-05 13:00:00,2362.0,43672.0,866.0,8239.0,6298.208,636.755,3356.136,4466.0,5488.901000000001
2025-01-05 14:00:00,2362.0,43672.0,866.0,8239.0,6385.28,580.594,2117.562,4466.0,5908.564000000001
2025-01-05 15:00:00,2362.0,43672.0,866.0,8239.0,5949.92,541.044,319.632,4466.0,9548.404
2025-01-05 16:00:00,2362.0,43672.0,866.0,8239.0,5848.336,484.092,-0.0,4466.0,13388.572
2025-01-05 17:00:00,2362.0,43672.0,866.0,8239.0,5949.92,425.558,-0.0,4466.0,13100.521999999999
2025-01-05 18:00:00,2362.0,43672.0,866.0,8239.0,5920.896,390.754,-0.0,4466.0,10878.349999999999
2025-01-05 19:00:00,2362.0,43672.0,866.0,8239.0,5935.408,384.426,-0.0,4466.0,6418.166
2025-01-05 20:00:00,2362.0,43672.0,866.0,8239.0,5833.824,389.172,-0.0,4466.0,2579.004
2025-01-05 21:00:00,2362.0,43672.0,866.0,8239.0,5717.728,376.516,-0.0,4466.0,89.75600000000031
2025-01-05 22:00:00,2362.0,43672.0,-0.0,5154.152,5398.464,335.384,-0.0,4466.0,-0.0
2025-01-05 23:00:00,2362.0,43672.0,-0.0,1594.0359999999991,5093.712,294.252,-0.0,4466.0,-0.0
2025-01-06 00:00:00,1918.3790000000008,43672.0,-0.0,-0.0,4803.472,268.149,-0.0,4466.0,-0.0
2025-01-06 01:00:00,503.2830000000031,43672.0,-0.0,-0.0,4484.208,236.509,-0.0,4466.0,-0.0
2025-01-06 02:00:00,-0.0,43502.329,-0.0,-0.0,4339.088,247.583,-0.0,4466.0,-0.0
2025-01-06 03:00:00,-0.0,43231.746999999996,-0.0,-0.0,4150.432,261.821,-0.0,4466.0,-0.0
2025-01-06 04:00:00,-0.0,42677.175,-0.0,-0.0,4019.824,246.001,-0.0,4466.0,-0.0
2025-01-06 05:00:00,1240.8270000000048,43672.0,-0.0,-0.0,3787.632,198.541,-0.0,4466.0,-0.0
2025-01-06 06:00:00,2362.0,43672.0,-0.0,3685.078,3410.32,175.602,-0.0,4466.0,-0.0
2025-01-06 07:00:00,2362.0,43672.0,-0.0,7739.441,3105.568,158.991,-0.0,4466.0,-0.0
2025-01-06 08:00:00,2362.0,43672.0,866.0,8239.0,2771.792,114.695,79.908,4466.0,1210.6049999999996
2025-01-06 09:00:00,2362.0,43672.0,866.0,8239.0,2467.04,75.936,679.218,4466.0,2896.8060000000005
2025-01-06 10:00:00,2362.0,43672.0,866.0,8239.0,2046.192,78.309,1398.39,4466.0,4381.1089999999995
2025-01-06 11:00:00,2362.0,43672.0,866.0,8239.0,1901.072,53.788,2037.654,4466.0,3850.486
2025-01-06 12:00:00,2362.0,43672.0,866.0,8239.0,1814.0,34.013,1957.746,4466.0,2868.241
2025-01-06 13:00:00,2362.0,43672.0,866.0,8239.0,1712.416,29.267,1358.436,4466.0,2789.8810000000003
2025-01-06 14:00:00,2362.0,43672.0,866.0,8239.0,1625.344,23.73,639.264,4466.0,3575.6620000000003
2025-01-06 15:00:00,2362.0,43672.0,866.0,8239.0,1494.736,18.984,-0.0,4466.0,6014.28
2025-01-06 16:00:00,2362.0,43672.0,866.0,8239.0,1407.664,26.894,-0.0,4466.0,8959.442
2025-01-06 17:00:00,2362.0,43672.0,866.0,8239.0,1335.104,39.55,-0.0,4466.0,8680.346000000001
2025-01-06 18:00:00,2362.0,43672.0,866.0,8239.0,1335.104,51.415,-0.0,4466.0,6480.481
2025-01-06 19:00:00,2362.0,43672.0,866.0,8239.0,1335.104,74.354,-0.0,4466.0,2529.5420000000004
2025-01-06 20:00:00,2362.0,43672.0,609.0619999999999,8239.0,1349.616,112.322,-0.0,4466.0,-0.0
2025-01-06 21:00:00,2362.0,43672.0,-0.0,7395.157,1248.032,174.811,-0.0,4466.0,-0.0
2025-01-06 22:00:00,2362.0,43672.0,-0.0,3587.689,1277.056,241.255,-0.0,4466.0,-0.0
2025-01-06 23:00:00,2237.045999999995,43672.0,-0.0,-0.0,1393.152,333.802,-0.0,4466.0,-0.0
2025-01-07 00:00:00,-0.0,42547.245,-0.0,-0.0,1581.808,408.947,-0.0,4466.0,-0.0
2025-01-07 01:00:00,-0.0,40398.619,-0.0,-0.0,1872.048,445.333,-0.0,4466.0,-0.0
2025-01-07 02:00:00,-0.0,39537.929,-0.0,-0.0,2089.728,532.343,-0.0,4466.0,-0.0
2025-01-07 03:00:00,-0.0,38667.07,-0.0,-0.0,2408.992,567.938,-0.0,4466.0,-0.0
2025-01-07 04:00:00,-0.0,36828.868,-0.0,-0.0,2829.84,642.292,-0.0,4466.0,-0.0
2025-01-07 05:00:00,-0.0,37189.129,-0.0,-0.0,3381.296,652.575,-0.0,4466.0,-0.0
2025-01-07 06:00:00,-0.0,40242.813,-0.0,-0.0,3961.776,649.411,-0.0,4466.0,-0.0
2025-01-07 07:00:00,-0.0,43304.948,-0.0,-0.0,4585.792,680.26,-0.0,4466.0,-0.0
2025-01-07 08:00:00,2003.4520000000048,43672.0,-0.0,-0.0,5180.784,719.81,39.954,4466.0,-0.0
2025-01-07 09:00:00,2362.0,43672.0,-0.0,1565.38,5761.264,726.138,679.218,4466.0,-0.0
2025-01-07 10:00:00,2362.0,43672.0,-0.0,3426.064000000001,5790.288,737.212,1358.436,4466.0,-0.0
2025-01-07 11:00:00,2362.0,43672.0,-0.0,2714.3330000000014,6341.744,715.855,1678.068,4466.0,-0.0
2025-01-07 12:00:00,2362.0,43672.0,-0.0,1355.4920000000002,6733.568,700.826,1638.114,4466.0,-0.0
2025-01-07 13:00:00,2362.0,43672.0,-0.0,827.1239999999998,6530.4,654.948,1278.528,4466.0,-0.0
2025-01-07 14:00:00,2362.0,43672.0,-0.0,2034.2849999999999,6167.6,522.851,639.264,4466.0,-0.0
2025-01-07 15:00:00,2362.0,43672.0,-0.0,5399.729,5674.192,450.079,-0.0,4466.0,-0.0
2025-01-07 16:00:00,2362.0,43672.0,866.0,8239.0,5282.368,428.722,-0.0,4466.0,540.9099999999999
2025-01-07 17:00:00,2362.0,43672.0,866.0,8239.0,5093.712,406.574,-0.0,4466.0,1315.714
2025-01-07 18:00:00,2362.0,43672.0,866.0,8239.0,4788.96,373.352,-0.0,4466.0,503.6880000000001
2025-01-07 19:00:00,2362.0,43672.0,-0.0,7043.21,4455.184,368.606,-0.0,4466.0,-0.0
2025-01-07 20:00:00,2362.0,43672.0,-0.0,5273.342999999999,4179.456,404.201,-0.0,4466.0,-0.0
2025-01-07 21:00:00,2362.0,43672.0,-0.0,3705.9789999999994,4310.064,495.957,-0.0,4466.0,-0.0
2025-01-07 22:00:00,2362.0,43672.0,-0.0,552.8300000000004,3889.216,548.954,-0.0,4466.0,-0.0
2025-01-07 23:00:00,-0.0,43410.872,-0.0,-0.0,4135.92,544.208,-0.0,4466.0,-0.0
2025-01-08 00:00:00,-0.0,41369.679000000004,-0.0,-0.0,4513.232,537.089,-0.0,4466.0,-0.0
2025-01-08 01:00:00,-0.0,40234.689999999995,-0.0,-0.0,4803.472,488.838,-0.0,4466.0,-0.0
2025-01-08 02:00:00,-0.0,40801.212,-0.0,-0.0,4847.008,458.78,-0.0,4466.0,-0.0
2025-01-08 03:00:00,-0.0,43191.71,-0.0,-0.0,4977.616,485.674,-0.0,4466.0,-0.0
2025-01-08 04:00:00,2362.0,43672.0,-0.0,2242.705,5137.248,488.047,-0.0,4466.0,-0.0
2025-01-08 05:00:00,2362.0,43672.0,866.0,8239.0,5108.224,491.211,-0.0,4466.0,210.5649999999996
2025-01-08 06:00:00,2362.0,43672.0,866.0,8239.0,5006.64,540.253,-0.0,4466.0,5908.106999999999
2025-01-08 07:00:00,2362.0,43672.0,866.0,8239.0,4992.128,588.504,-0.0,4466.0,8445.367999999999
2025-01-08 08:00:00,2362.0,43672.0,866.0,8239.0,5151.76,633.591,-0.0,4466.0,10006.649
2025-01-08 09:00:00,2362.0,43672.0,866.0,8239.0,5311.392,668.395,79.908,4466.0,11809.305
2025-01-08 10:00:00,2362.0,43672.0,866.0,8239.0,4948.592,669.186,319.632,4466.0,13955.589999999997
2025-01-08 11:00:00,2362.0,43672.0,866.0,8239.0,5209.808,667.604,479.448,4466.0,14542.14
2025-01-08 12:00:00,2362.0,43672.0,866.0,8239.0,5383.952,679.469,559.356,4466.0,14163.222999999998
2025-01-08 13:00:00,2362.0,43672.0,866.0,8239.0,5514.56,695.289,439.494,4466.0,13041.657
2025-01-08 14:00:00,2362.0,43672.0,866.0,8239.0,5514.56,703.99,199.77,4466.0,12480.679999999997
2025-01-08 15:00:00,2362.0,43672.0,866.0,8239.0,5558.096,688.17,-0.0,4466.0,13070.734000000002
2025-01-08 16:00:00,2362.0,43672.0,866.0,8239.0,5630.656,679.469,-0.0,4466.0,15222.875
2025-01-08 17:00:00,2362.0,43672.0,866.0,8239.0,5761.264,679.469,-0.0,4466.0,14854.267
2025-01-08 18:00:00,2362.0,43672.0,866.0,8239.0,5775.776,680.26,-0.0,4466.0,12777.964000000002
2025-01-08 19:00:00,2362.0,43672.0,866.0,8239.0,5717.728,694.498,-0.0,4466.0,8023.774
2025-01-08 20:00:00,2362.0,43672.0,866.0,8239.0,5529.072,695.289,-0.0,4466.0,3412.638999999999
2025-01-08 21:00:00,2362.0,43672.0,716.4390000000003,8239.0,5354.928,682.633,-0.0,4466.0,-0.0
2025-01-08 22:00:00,2362.0,43672.0,-0.0,4574.522,4992.128,672.35,-0.0,4466.0,-0.0
2025-01-08 23:00:00,2362.0,43672.0,-0.0,1001.3420000000006,4992.128,656.53,-0.0,4466.0,-0.0
2025-01-09 00:00:00,725.0829999999987,43672.0,-0.0,-0.0,4716.4,622.517,-0.0,4466.0,-0.0
2025-01-09 01:00:00,4.826000000000931,43672.0,-0.0,-0.0,4339.088,590.086,-0.0,4466.0,-0.0
2025-01-09 02:00:00,841.7239999999947,43672.0,-0.0,-0.0,3947.264,579.012,-0.0,4466.0,-0.0
2025-01-09 03:00:00,2362.0,43672.0,-0.0,1002.1199999999999,3686.048,594.832,-0.0,4466.0,-0.0
2025-01-09 04:00:00,2362.0,43672.0,-0.0,5987.570000000001,3439.344,590.086,-0.0,4466.0,-0.0
2025-01-09 05:00:00,2362.0,43672.0,866.0,8239.0,3265.2,600.369,-0.0,4466.0,3569.4310000000005
2025-01-09 06:00:00,2362.0,43672.0,866.0,8239.0,3178.128,637.546,-0.0,4466.0,8914.326
2025-01-09 07:00:00,2362.0,43672.0,866.0,8239.0,3279.712,666.022,-0.0,4466.0,11012.266
2025-01-09 08:00:00,2362.0,43672.0,866.0,8239.0,3424.832,703.99,519.402,4466.0,11646.776
2025-01-09 09:00:00,2362.0,43672.0,866.0,8239.0,3584.464,734.048,1997.7,4466.0,11464.787999999999
2025-01-09 10:00:00,2362.0,43672.0,866.0,8239.0,2800.816,731.675,3555.906,4466.0,12023.603000000003
2025-01-09 11:00:00,2362.0,43672.0,866.0,8239.0,3207.152,737.212,4514.802,4466.0,11187.834
2025-01-09 12:00:00,2362.0,43672.0,866.0,8239.0,3497.392,734.839,4594.71,4466.0,10483.059000000001
2025-01-09 13:00:00,2362.0,43672.0,866.0,8239.0,3410.32,729.302,3835.584,4466.0,10303.794000000002
2025-01-09 14:00:00,2362.0,43672.0,866.0,8239.0,3250.688,730.884,2397.24,4466.0,11096.188
2025-01-09 15:00:00,2362.0,43672.0,866.0,8239.0,3279.712,730.884,759.126,4466.0,13485.277999999998
2025-01-09 16:00:00,2362.0,43672.0,866.0,8239.0,3453.856,722.974,-0.0,4466.0,17479.170000000002
2025-01-09 17:00:00,2362.0,43672.0,866.0,8239.0,3540.928,712.691,-0.0,4466.0,17421.381
2025-01-09 18:00:00,2362.0,43672.0,866.0,8239.0,3598.976,699.244,-0.0,4466.0,15340.78
2025-01-09 19:00:00,2362.0,43672.0,866.0,8239.0,3657.024,677.887,-0.0,4466.0,10565.089
2025-01-09 20:00:00,2362.0,43672.0,866.0,8239.0,3671.536,652.575,-0.0,4466.0,5767.888999999999
2025-01-09 21:00:00,2362.0,43672.0,866.0,8239.0,3700.56,625.681,-0.0,4466.0,2017.7589999999996
2025-01-09 22:00:00,2362.0,43672.0,-0.0,7390.321000000001,2844.352,551.327,-0.0,4466.0,-0.0
2025-01-09 23:00:00,2362.0,43672.0,-0.0,3782.8979999999997,2945.936,495.166,-0.0,4466.0,-0.0
2025-01-10 00:00:00,2362.0,43672.0,-0.0,1478.0400000000004,3003.984,423.976,-0.0,4466.0,-0.0
2025-01-10 01:00:00,2362.0,43672.0,-0.0,361.03999999999996,3134.592,354.368,-0.0,4466.0,-0.0
2025-01-10 02:00:00,2362.0,43672.0,-0.0,705.1059999999998,3294.224,292.67,-0.0,4466.0,-0.0
2025-01-10 03:00:00,2362.0,43672.0,-0.0,2553.267,3482.88,223.853,-0.0,4466.0,-0.0
2025-01-10 04:00:00,2362.0,43672.0,-0.0,6872.537,3613.488,177.975,-0.0,4466.0,-0.0
2025-01-10 05:00:00,2362.0,43672.0,866.0,8239.0,3758.608,174.02,-0.0,4466.0,4661.371999999999
2025-01-10 06:00:00,2362.0,43672.0,866.0,8239.0,4019.824,186.676,-0.0,4466.0,9987.5
2025-01-10 07:00:00,2362.0,43672.0,866.0,8239.0,4106.896,189.049,-0.0,4466.0,12123.055
2025-01-10 08:00:00,2362.0,43672.0,866.0,8239.0,4208.48,218.316,479.448,4466.0,12559.756000000001
2025-01-10 09:00:00,2362.0,43672.0,866.0,8239.0,4353.6,276.059,1358.436,4466.0,13106.904999999997
2025-01-10 10:00:00,2362.0,43672.0,866.0,8239.0,4019.824,287.133,2197.47,4466.0,14123.572999999997
2025-01-10 11:00:00,2362.0,43672.0,866.0,8239.0,4527.744,320.355,2716.872,4466.0,13755.029000000002
2025-01-10 12:00:00,2362.0,43672.0,866.0,8239.0,4905.056,363.86,2597.01,4466.0,13331.073999999997
2025-01-10 13:00:00,2362.0,43672.0,866.0,8239.0,4890.544,408.156,1997.7,4466.0,12924.6
2025-01-10 14:00:00,2362.0,43672.0,866.0,8239.0,4730.912,416.066,1198.62,4466.0,13155.402000000002
2025-01-10 15:00:00,2362.0,43672.0,866.0,8239.0,4368.112,431.095,319.632,4466.0,14705.160999999996
2025-01-10 16:00:00,2362.0,43672.0,866.0,8239.0,4034.336,476.973,-0.0,4466.0,17954.691
2025-01-10 17:00:00,2362.0,43672.0,866.0,8239.0,3990.8,541.044,-0.0,4466.0,17943.156
2025-01-10 18:00:00,2362.0,43672.0,866.0,8239.0,4121.408,591.668,-0.0,4466.0,15809.923999999999
2025-01-10 19:00:00,2362.0,43672.0,866.0,8239.0,4411.648,613.025,-0.0,4466.0,10792.327000000001
2025-01-10 20:00:00,2362.0,43672.0,866.0,8239.0,4498.72,632.009,-0.0,4466.0,5936.271
2025-01-10 21:00:00,2362.0,43672.0,866.0,8239.0,4498.72,647.829,-0.0,4466.0,2170.451
2025-01-10 22:00:00,2362.0,43672.0,-0.0,6880.453000000001,4208.48,662.067,-0.0,4466.0,-0.0
2025-01-10 23:00:00,2362.0,43672.0,-0.0,3597.728,3990.8,626.472,-0.0,4466.0,-0.0
2025-01-11 00:00:00,2362.0,43672.0,-0.0,1463.0370000000003,3860.192,617.771,-0.0,4466.0,-0.0
2025-01-11 01:00:00,2362.0,43672.0,-0.0,482.8970000000004,3831.168,620.935,-0.0,4466.0,-0.0
2025-01-11 02:00:00,2362.0,43672.0,-0.0,1243.7800000000002,3802.144,503.076,-0.0,4466.0,-0.0
2025-01-11 03:00:00,2362.0,43672.0,-0.0,3298.707,3598.976,464.317,-0.0,4466.0,-0.0
2025-01-11 04:00:00,2362.0,43672.0,-0.0,7526.526,3366.784,466.69,-0.0,4466.0,-0.0
2025-01-11 05:00:00,2362.0,43672.0,866.0,8239.0,3178.128,416.857,-0.0,4466.0,5681.014999999999
2025-01-11 06:00:00,2362.0,43672.0,866.0,8239.0,3134.592,410.529,-0.0,4466.0,11504.878999999999
2025-01-11 07:00:00,2362.0,43672.0,866.0,8239.0,3076.544,450.87,-0.0,4466.0,13927.586000000001
2025-01-11 08:00:00,2362.0,43672.0,866.0,8239.0,3018.496,504.658,519.402,4466.0,14269.444
2025-01-11 09:00:00,2362.0,43672.0,866.0,8239.0,2931.424,553.7,2517.102,4466.0,12999.774000000001
2025-01-11 10:00:00,2362.0,43672.0,866.0,8239.0,3221.664,663.649,4434.894,4466.0,11526.793
2025-01-11 11:00:00,2362.0,43672.0,866.0,8239.0,3105.568,690.543,5433.744,4466.0,10730.145
2025-01-11 12:00:00,2362.0,43672.0,866.0,8239.0,2728.256,678.678,5313.882,4466.0,10777.184000000001
2025-01-11 13:00:00,2362.0,43672.0,866.0,8239.0,2263.872,674.723,4394.94,4466.0,11086.465000000002
2025-01-11 14:00:00,2362.0,43672.0,866.0,8239.0,1872.048,673.932,2756.826,4466.0,12434.193999999998
2025-01-11 15:00:00,2362.0,43672.0,866.0,8239.0,1857.536,684.215,679.218,4466.0,15280.030999999999
2025-01-11 16:00:00,2362.0,43672.0,866.0,8239.0,2234.848,698.453,-0.0,4466.0,19358.699
2025-01-11 17:00:00,2362.0,43672.0,866.0,8239.0,2713.744,703.199,-0.0,4466.0,19173.057
2025-01-11 18:00:00,2362.0,43672.0,866.0,8239.0,3178.128,711.109,-0.0,4466.0,16961.763
2025-01-11 19:00:00,2362.0,43672.0,866.0,8239.0,3453.856,718.228,-0.0,4466.0,12175.916000000001
2025-01-11 20:00:00,2362.0,43672.0,866.0,8239.0,3700.56,728.511,-0.0,4466.0,7441.929
2025-01-11 21:00:00,2362.0,43672.0,866.0,8239.0,3874.704,734.839,-0.0,4466.0,3763.457
2025-01-11 22:00:00,2362.0,43672.0,264.90599999999904,8239.0,3773.12,722.974,-0.0,4466.0,-0.0
2025-01-11 23:00:00,2362.0,43672.0,-0.0,4842.345,3990.8,715.855,-0.0,4466.0,-0.0
2025-01-12 00:00:00,2362.0,43672.0,-0.0,2104.898,4179.456,716.646,-0.0,4466.0,-0.0
2025-01-12 01:00:00,2362.0,43672.0,-0.0,987.7529999999997,4310.064,722.183,-0.0,4466.0,-0.0
2025-01-12 02:00:00,2362.0,43672.0,-0.0,1057.8630000000003,4484.208,726.929,-0.0,4466.0,-0.0
2025-01-12 03:00:00,2362.0,43672.0,-0.0,2505.0190000000002,4701.888,730.093,-0.0,4466.0,-0.0
2025-01-12 04:00:00,2362.0,43672.0,-0.0,6195.455999999999,4832.496,734.048,-0.0,4466.0,-0.0
2025-01-12 05:00:00,2362.0,43672.0,866.0,8239.0,5079.2,735.63,-0.0,4466.0,3743.170000000001
2025-01-12 06:00:00,2362.0,43672.0,866.0,8239.0,5253.344,732.466,-0.0,4466.0,9405.189999999999
2025-01-12 07:00:00,2362.0,43672.0,866.0,8239.0,5471.024,730.884,-0.0,4466.0,11679.092
2025-01-12 08:00:00,2362.0,43672.0,866.0,8239.0,5659.68,728.511,958.896,4466.0,11126.913
2025-01-12 09:00:00,2362.0,43672.0,866.0,8239.0,5645.168,726.138,3635.814,4466.0,8801.88
2025-01-12 10:00:00,2362.0,43672.0,866.0,8239.0,5398.464,718.228,6432.594,4466.0,6722.714
2025-01-12 11:00:00,2362.0,43672.0,866.0,8239.0,5006.64,722.183,8230.524,4466.0,4806.653000000001
2025-01-12 12:00:00,2362.0,43672.0,866.0,8239.0,5282.368,726.138,8430.294,4466.0,3235.199999999999
2025-01-12 13:00:00,2362.0,43672.0,866.0,8239.0,5935.408,724.556,6951.996,4466.0,2685.04
2025-01-12 14:00:00,2362.0,43672.0,866.0,8239.0,6791.616,726.138,4115.262,4466.0,4293.984
2025-01-12 15:00:00,2362.0,43672.0,866.0,8239.0,7256.0,726.138,1038.804,4466.0,7929.057999999999
2025-01-12 16:00:00,2362.0,43672.0,866.0,8239.0,7778.432,726.138,-0.0,4466.0,13559.43
2025-01-12 17:00:00,2362.0,43672.0,866.0,8239.0,8257.328,732.466,-0.0,4466.0,13305.206
2025-01-12 18:00:00,2362.0,43672.0,866.0,8239.0,8721.712,739.585,-0.0,4466.0,10768.703000000001
2025-01-12 19:00:00,2362.0,43672.0,866.0,8239.0,9171.584,741.167,-0.0,4466.0,5694.249
2025-01-12 20:00:00,2362.0,43672.0,866.0,8239.0,9374.752,739.585,-0.0,4466.0,1338.6630000000005
2025-01-12 21:00:00,2362.0,43672.0,-0.0,7395.262999999999,9461.824,745.913,-0.0,4466.0,-0.0
2025-01-12 22:00:00,2362.0,43672.0,-0.0,3146.017,9055.488,747.495,-0.0,4466.0,-0.0
2025-01-12 23:00:00,1331.195000000007,43672.0,-0.0,-0.0,9345.728,749.077,-0.0,4466.0,-0.0
2025-01-13 00:00:00,-0.0,41601.12300000001,-0.0,-0.0,9432.8,749.077,-0.0,4466.0,-0.0
2025-01-13 01:00:00,-0.0,39889.565,-0.0,-0.0,9403.776,750.659,-0.0,4466.0,-0.0
2025-01-13 02:00:00,-0.0,39440.942,-0.0,-0.0,9200.608,751.45,-0.0,4466.0,-0.0
2025-01-13 03:00:00,-0.0,39557.165,-0.0,-0.0,8678.176,750.659,-0.0,4466.0,-0.0
2025-01-13 04:00:00,-0.0,39164.054000000004,-0.0,-0.0,8460.496,751.45,-0.0,4466.0,-0.0
2025-01-13 05:00:00,-0.0,41724.852,-0.0,-0.0,8199.28,749.868,-0.0,4466.0,-0.0
2025-01-13 06:00:00,2362.0,43672.0,-0.0,678.347999999999,7996.112,743.54,-0.0,4466.0,-0.0
2025-01-13 07:00:00,2362.0,43672.0,-0.0,4795.030000000001,7676.848,745.122,-0.0,4466.0,-0.0
2025-01-13 08:00:00,2362.0,43672.0,-0.0,6679.035000000001,7241.488,741.167,599.31,4466.0,-0.0
2025-01-13 09:00:00,2362.0,43672.0,-0.0,5842.6269999999995,6907.712,719.019,2916.642,4466.0,-0.0
2025-01-13 10:00:00,2362.0,43672.0,-0.0,4517.603999999998,6602.96,716.646,5393.79,4466.0,-0.0
2025-01-13 11:00:00,2362.0,43672.0,-0.0,2644.7649999999994,6414.304,685.797,6832.134,4466.0,-0.0
2025-01-13 12:00:00,2362.0,43672.0,-0.0,1263.4859999999999,6167.6,635.964,6991.95,4466.0,-0.0
2025-01-13 13:00:00,2362.0,43672.0,-0.0,1385.799,5732.24,609.861,5993.1,4466.0,-0.0
2025-01-13 14:00:00,2362.0,43672.0,-0.0,4061.2970000000005,5195.296,576.639,3675.768,4466.0,-0.0
2025-01-13 15:00:00,2362.0,43672.0,384.58599999999933,8239.0,4861.52,541.044,998.85,4466.0,-0.0
2025-01-13 16:00:00,2362.0,43672.0,866.0,8239.0,4788.96,495.957,-0.0,4466.0,5492.083
2025-01-13 17:00:00,2362.0,43672.0,866.0,8239.0,4643.84,604.324,-0.0,4466.0,6142.835999999999
2025-01-13 18:00:00,2362.0,43672.0,866.0,8239.0,4730.912,703.199,-0.0,4466.0,3846.888999999999
2025-01-13 19:00:00,2362.0,43672.0,585.6170000000002,8239.0,4890.544,734.839,-0.0,4466.0,-0.0
2025-01-13 20:00:00,2362.0,43672.0,-0.0,6009.956999999999,5093.712,744.331,-0.0,4466.0,-0.0
2025-01-13 21:00:00,2362.0,43672.0,-0.0,4405.835,5340.416,742.749,-0.0,4466.0,-0.0
2025-01-13 22:00:00,2362.0,43672.0,-0.0,465.7579999999998,5775.776,732.466,-0.0,4466.0,-0.0
2025-01-13 23:00:00,-0.0,42767.031,-0.0,-0.0,6095.04,726.929,-0.0,4466.0,-0.0
2025-01-14 00:00:00,-0.0,40410.85799999999,-0.0,-0.0,6457.84,729.302,-0.0,4466.0,-0.0
2025-01-14 01:00:00,-0.0,38473.829,-0.0,-0.0,6646.496,731.675,-0.0,4466.0,-0.0
2025-01-14 02:00:00,-0.0,37228.653000000006,-0.0,-0.0,7067.344,738.003,-0.0,4466.0,-0.0
2025-01-14 03:00:00,-0.0,36190.083,-0.0,-0.0,7459.168,742.749,-0.0,4466.0,-0.0
2025-01-14 04:00:00,-0.0,34366.958,-0.0,-0.0,7763.92,745.122,-0.0,4466.0,-0.0
2025-01-14 05:00:00,-0.0,35290.393,-0.0,-0.0,7996.112,747.495,-0.0,4466.0,-0.0
2025-01-14 06:00:00,-0.0,38774.729999999996,-0.0,-0.0,8445.984,748.286,-0.0,4466.0,-0.0
2025-01-14 07:00:00,-0.0,42054.322,-0.0,-0.0,8939.392,748.286,-0.0,4466.0,-0.0
2025-01-14 08:00:00,-0.0,42803.947,-0.0,-0.0,9389.264,749.077,1118.712,4466.0,-0.0
2025-01-14 09:00:00,-0.0,41760.783,-0.0,-0.0,9810.112,750.659,3955.446,4466.0,-0.0
2025-01-14 10:00:00,-0.0,40999.77099999999,-0.0,-0.0,9868.16,750.659,6592.41,4466.0,-0.0
2025-01-14 11:00:00,-0.0,39186.938,-0.0,-0.0,9940.72,751.45,7910.892,4466.0,-0.0
2025-01-14 12:00:00,-0.0,38389.388000000006,-0.0,-0.0,9882.672,751.45,7391.49,4466.0,-0.0
2025-01-14 13:00:00,-0.0,39034.45,-0.0,-0.0,10216.448,751.45,5513.652,4466.0,-0.0
2025-01-14 14:00:00,-0.0,41537.942,-0.0,-0.0,10405.104,751.45,3036.504,4466.0,-0.0
2025-01-14 15:00:00,2362.0,43672.0,-0.0,226.79600000000028,9940.72,751.45,839.034,4466.0,-0.0
2025-01-14 16:00:00,2362.0,43672.0,-0.0,6576.261999999999,9418.288,751.45,-0.0,4466.0,-0.0
2025-01-14 17:00:00,2362.0,43672.0,-0.0,8197.598,9011.952,751.45,-0.0,4466.0,-0.0
2025-01-14 18:00:00,2362.0,43672.0,-0.0,7586.446,8591.104,751.45,-0.0,4466.0,-0.0
2025-01-14 19:00:00,2362.0,43672.0,-0.0,5133.293999999999,8170.256,751.45,-0.0,4466.0,-0.0
2025-01-14 20:00:00,2362.0,43672.0,-0.0,3854.213999999999,7662.336,751.45,-0.0,4466.0,-0.0
2025-01-14 21:00:00,2362.0,43672.0,-0.0,2857.405999999999,7430.144,751.45,-0.0,4466.0,-0.0
2025-01-14 22:00:00,1298.9500000000044,43672.0,-0.0,-0.0,7981.6,751.45,-0.0,4466.0,-0.0
2025-01-14 23:00:00,-0.0,42145.582,-0.0,-0.0,7821.968,751.45,-0.0,4466.0,-0.0
