date,pol_hard-coal,pol_gas,pol_oil,pol_nuclear,pol_other-non-renewables,pol_wind-onshore,pol_wind-offshore,pol_solar-pv,pol_other-renewables,pol_failure
2033-06-01 00:00:00,-0.0,-0.0,-0.0,453.0939999999996,-0.0,247.806,5330.1,-0.0,-0.0,-0.0
2033-06-01 01:00:00,-0.0,-0.0,-0.0,1245.2270000000003,-0.0,261.573,4120.2,-0.0,-0.0,-0.0
2033-06-01 02:00:00,-0.0,-0.0,-0.0,2110.0,-0.0,289.107,3052.0,-0.0,-0.0,-0.0
2033-06-01 03:00:00,-0.0,-0.0,-0.0,2110.0,-0.0,371.709,2648.7,22.929,-0.0,-0.0
2033-06-01 04:00:00,-0.0,-0.0,-0.0,1987.4630000000002,-0.0,550.68,2594.2,756.657,-0.0,-0.0
2033-06-01 05:00:00,-0.0,-0.0,-0.0,2110.0,-0.0,619.515,2517.9,2751.48,-0.0,-0.0
2033-06-01 06:00:00,-0.0,-0.0,-0.0,2110.0,-0.0,509.379,2321.7,5525.889,-0.0,-0.0
2033-06-01 07:00:00,-0.0,-0.0,-0.0,1190.2710000000004,-0.0,454.311,2103.7,7841.718,-0.0,-0.0
2033-06-01 08:00:00,-0.0,-0.0,-0.0,-0.0,-0.0,564.447,1896.6,9836.541,-0.0,-0.0
2033-06-01 09:00:00,-0.0,-0.0,-0.0,-0.0,-0.0,605.748,1613.2,10914.204,-0.0,-0.0
2033-06-01 10:00:00,-0.0,-0.0,-0.0,1869.268731306568,-0.0,578.214,468.7,10134.618,-0.0,-0.0
2033-06-01 11:00:00,-0.0,-0.0,-0.0,2110.0,-0.0,715.884,294.3,8896.452,-0.0,-0.0
2033-06-01 12:00:00,-0.0,-0.0,-0.0,2110.0,-0.0,743.418,359.7,7750.002,463.87999999999954,-0.0
2033-06-01 13:00:00,-0.0,-0.0,-0.0,2110.0,-0.0,770.952,730.3,6465.978,1284.7699999999998,-0.0
2033-06-01 14:00:00,-0.0,-0.0,-0.0,2110.0,-0.0,660.816,1035.5,5434.173,2183.0,-0.0
2033-06-01 15:00:00,-0.0,-0.0,-0.0,2110.0,-0.0,536.913,1122.7,4425.297,2183.0,-0.0
2033-06-01 16:00:00,-0.0,-0.0,-0.0,2110.0,-0.0,495.612,1220.8,3049.557,2183.0,-0.0
2033-06-01 17:00:00,-0.0,3456.743999999999,-0.0,2110.0,-0.0,536.913,1733.1,1536.243,2183.0,-0.0
2033-06-01 18:00:00,-0.0,-0.0,-0.0,2110.0,-0.0,936.156,3215.5,321.006,2183.0,-0.0
2033-06-01 19:00:00,-0.0,768.5237425256882,-0.0,2110.0,-0.0,1638.273,4643.4,-0.0,2183.0,-0.0
2033-06-01 20:00:00,-0.0,-0.0,-0.0,2110.0,-0.0,2271.555,4599.8,-0.0,2183.0,-0.0
2033-06-01 21:00:00,-0.0,-0.0,-0.0,2110.0,-0.0,2422.992,4774.2,-0.0,2183.0,-0.0
2033-06-01 22:00:00,-0.0,-0.0,-0.0,2110.0,-0.0,1762.176,3171.9,-0.0,2183.0,-0.0
2033-06-01 23:00:00,-0.0,3.0950000000002547,-0.0,2110.0,-0.0,1583.205,2321.7,-0.0,2183.0,-0.0
2033-06-02 00:00:00,-0.0,-0.0,-0.0,2110.0,-0.0,1280.331,991.9,-0.0,2183.0,-0.0
2033-06-02 01:00:00,-0.0,-0.0,-0.0,2110.0,-0.0,1087.593,316.1,-0.0,2183.0,-0.0
2033-06-02 02:00:00,-0.0,1501.9120000000003,-0.0,2110.0,-0.0,881.088,109.0,-0.0,2183.0,-0.0
2033-06-02 03:00:00,-0.0,-0.0,-0.0,2110.0,-0.0,812.253,10.9,22.929,2183.0,-0.0
2033-06-02 04:00:00,-0.0,101.9359999999997,-0.0,2110.0,-0.0,826.02,43.6,825.444,2183.0,-0.0
2033-06-02 05:00:00,-0.0,-0.0,-0.0,2110.0,-0.0,757.185,152.6,2132.397,2155.818,-0.0
2033-06-02 06:00:00,-0.0,-0.0,-0.0,2110.0,-0.0,468.078,337.9,3737.427,2133.595,-0.0
2033-06-02 07:00:00,-0.0,-0.0,-0.0,2110.0,-0.0,316.641,457.8,5411.244,1560.3150000000003,-0.0
2033-06-02 08:00:00,-0.0,-0.0,-0.0,2110.0,-0.0,371.709,414.2,6282.546,1241.5449999999996,-0.0
2033-06-02 09:00:00,-0.0,-0.0,-0.0,2110.0,-0.0,495.612,348.8,6695.268,1097.32,-0.0
2033-06-02 10:00:00,-0.0,-0.0,-0.0,2110.0,-0.0,413.01,566.8,7062.132,1100.1024459851974,-0.0
2033-06-02 11:00:00,-0.0,-0.0,-0.0,2110.0,-0.0,550.68,370.6,7016.274,583.4459999999998,-0.0
2033-06-02 12:00:00,-0.0,-0.0,-0.0,2110.0,-0.0,688.35,468.7,6374.262,587.6880000000002,-0.0
2033-06-02 13:00:00,-0.0,-0.0,-0.0,2110.0,-0.0,949.923,664.9,5709.321,401.856,-0.0
2033-06-02 14:00:00,-0.0,-0.0,-0.0,2110.0,-0.0,1170.195,730.3,4815.09,1060.4149999999997,-0.0
2033-06-02 15:00:00,-0.0,-0.0,-0.0,2110.0,-0.0,1459.302,1046.4,3599.853,2183.0,-0.0
2033-06-02 16:00:00,-0.0,-0.0,-0.0,2110.0,-0.0,1817.244,1504.2,2315.829,2183.0,-0.0
2033-06-02 17:00:00,-0.0,-0.0,-0.0,2110.0,-0.0,2312.856,2125.5,1054.734,2183.0,-0.0
2033-06-02 18:00:00,-0.0,-0.0,-0.0,2110.0,-0.0,3014.973,2441.6,160.503,2183.0,-0.0
2033-06-02 19:00:00,-0.0,-0.0,-0.0,2110.0,-0.0,3524.352,2583.3,-0.0,1632.348,-0.0
2033-06-02 20:00:00,-0.0,-0.0,-0.0,2110.0,-0.0,3758.391,2081.9,-0.0,1699.7090000000003,-0.0
2033-06-02 21:00:00,-0.0,-0.0,-0.0,2110.0,-0.0,3978.663,1613.2,-0.0,1304.1370000000002,-0.0
2033-06-02 22:00:00,-0.0,-0.0,-0.0,2110.0,-0.0,3951.129,1308.0,-0.0,366.8710000000001,-0.0
2033-06-02 23:00:00,-0.0,-0.0,-0.0,116.92099999999937,-0.0,4639.479,2114.6,-0.0,-0.0,-0.0
2033-06-03 00:00:00,-0.0,-0.0,-0.0,-0.0,-0.0,3206.1,3062.9,-0.0,-0.0,-0.0
2033-06-03 01:00:00,-0.0,-0.0,-0.0,-0.0,-0.0,1805.4,4076.6,-0.0,-0.0,-0.0
2033-06-03 02:00:00,-0.0,-0.0,-0.0,-0.0,-0.0,144.5,5395.5,-0.0,-0.0,-0.0
2033-06-03 03:00:00,-0.0,-0.0,-0.0,-0.0,-0.0,-0.0,4875.071,22.929,-0.0,-0.0
2033-06-03 04:00:00,-0.0,-0.0,-0.0,-0.0,-0.0,-0.0,4122.633,527.367,-0.0,-0.0
2033-06-03 05:00:00,-0.0,-0.0,-0.0,-0.0,-0.0,-0.0,3729.473,1444.527,-0.0,-0.0
2033-06-03 06:00:00,-0.0,-0.0,-0.0,-0.0,-0.0,-0.0,3647.668,2476.332,-0.0,-0.0
2033-06-03 07:00:00,-0.0,-0.0,-0.0,-0.0,-0.0,-0.0,3502.579,3416.421,-0.0,-0.0
2033-06-03 08:00:00,-0.0,-0.0,-0.0,-0.0,-0.0,198.31899999999996,3041.1,4333.581,-0.0,-0.0
2033-06-03 09:00:00,-0.0,-0.0,-0.0,-0.0,-0.0,-0.0,2720.827,5434.173,-0.0,-0.0
2033-06-03 10:00:00,-0.0,-0.0,-0.0,-0.0,-0.0,-0.0,2288.0280000000002,6144.972,-0.0,-0.0
2033-06-03 11:00:00,-0.0,-0.0,-0.0,-0.0,-0.0,-0.0,2214.673,6030.327,-0.0,-0.0
2033-06-03 12:00:00,-0.0,-0.0,-0.0,-0.0,-0.0,-0.0,2851.188,5227.812,-0.0,-0.0
2033-06-03 13:00:00,-0.0,-0.0,-0.0,-0.0,-0.0,-0.0,5168.52263157895,4379.439,-0.0,-0.0
2033-06-03 14:00:00,-0.0,-0.0,-0.0,-0.0,-0.0,2944.1760000000013,5351.9,3576.924,-0.0,-0.0
2033-06-03 15:00:00,-0.0,-0.0,-0.0,-0.0,-0.0,2615.73,5079.4,2568.048,-0.0,-0.0
2033-06-03 16:00:00,-0.0,-0.0,-0.0,-0.0,-0.0,2051.283,5166.6,1605.03,-0.0,-0.0
2033-06-03 17:00:00,-0.0,-0.0,-0.0,1537.3950000000002,-0.0,1445.535,5101.2,687.87,-0.0,-0.0
2033-06-03 18:00:00,-0.0,-0.0,-0.0,2110.0,-0.0,1060.059,5057.6,68.787,-0.0,-0.0
2033-06-03 19:00:00,-0.0,-0.0,-0.0,2110.0,-0.0,812.253,4894.1,-0.0,-0.0,-0.0
2033-06-03 20:00:00,-0.0,-0.0,-0.0,2110.0,-0.0,647.049,4763.3,-0.0,-0.0,-0.0
2033-06-03 21:00:00,-0.0,-0.0,-0.0,2110.0,-0.0,550.68,4697.9,-0.0,-0.0,-0.0
2033-06-03 22:00:00,-0.0,-0.0,-0.0,2071.123875360552,-0.0,578.214,5166.6,-0.0,-0.0,-0.0
2033-06-03 23:00:00,-0.0,-0.0,-0.0,2110.0,-0.0,495.612,5362.8,-0.0,-0.0,-0.0
2033-06-04 00:00:00,-0.0,-0.0,-0.0,2110.0,-0.0,413.01,5341.0,-0.0,-0.0,-0.0
2033-06-04 01:00:00,-0.0,-0.0,-0.0,2110.0,-0.0,330.408,5221.1,-0.0,-0.0,-0.0
2033-06-04 02:00:00,-0.0,-0.0,-0.0,2110.0,-0.0,234.039,4970.4,-0.0,-0.0,-0.0
2033-06-04 03:00:00,-0.0,-0.0,-0.0,2110.0,-0.0,192.738,3749.6,-0.0,-0.0,-0.0
2033-06-04 04:00:00,-0.0,-0.0,-0.0,2110.0,-0.0,206.505,2441.6,527.367,1586.5279999999998,-0.0
2033-06-04 05:00:00,-0.0,2553.6349999999993,-0.0,2110.0,-0.0,247.806,1678.6,1627.959,2183.0,-0.0
2033-06-04 06:00:00,-0.0,4234.243999999999,-0.0,2110.0,-0.0,261.573,1177.2,2911.983,2183.0,-0.0
2033-06-04 07:00:00,-0.0,4562.123,-0.0,2110.0,-0.0,261.573,784.8,4035.504,2183.0,-0.0
2033-06-04 08:00:00,-0.0,3649.7599999999984,-0.0,2110.0,-0.0,261.573,599.5,5113.167,2183.0,-0.0
2033-06-04 09:00:00,-0.0,2795.0289999999995,-0.0,2110.0,-0.0,261.573,654.0,6007.398,2183.0,-0.0
2033-06-04 10:00:00,-0.0,2920.01,-0.0,2110.0,-0.0,137.67,523.2,6420.12,2183.0,-0.0
2033-06-04 11:00:00,-0.0,2665.2259999999987,-0.0,2110.0,-0.0,178.971,152.6,7039.203,2183.0,-0.0
2033-06-04 12:00:00,-0.0,2074.227999999999,-0.0,2110.0,-0.0,330.408,21.8,7245.564,2183.0,-0.0
2033-06-04 13:00:00,-0.0,2630.7880000000005,-0.0,2110.0,-0.0,385.476,10.9,6511.836,2183.0,-0.0
2033-06-04 14:00:00,-0.0,3429.357,-0.0,2110.0,-0.0,426.777,10.9,5823.966,2183.0,-0.0
2033-06-04 15:00:00,-0.0,4719.875,-0.0,2110.0,-0.0,371.709,10.9,4677.516,2183.0,-0.0
2033-06-04 16:00:00,547.1529999999993,5817.71,-0.0,2110.0,-0.0,371.709,21.8,3026.628,2183.0,-0.0
2033-06-04 17:00:00,-0.0,5817.71,-0.0,2110.0,-0.0,302.874,32.7,1559.172,2183.0,-0.0
2033-06-04 18:00:00,3822.0199999999995,5817.71,-0.0,2110.0,-0.0,247.806,43.6,366.864,2183.0,-0.0
2033-06-04 19:00:00,2.8170000000000073,5817.71,-0.0,2110.0,-0.0,261.573,10.9,-0.0,2183.0,-0.0
2033-06-04 20:00:00,3314.348000000001,5817.71,-0.0,2110.0,-0.0,357.942,-0.0,-0.0,2183.0,-0.0
2033-06-04 21:00:00,556.8030000190001,5817.71,-0.0,2110.0,-0.0,468.078,-0.0,-0.0,2183.0,-0.0
2033-06-04 22:00:00,-0.0,5817.71,-0.0,2110.0,-0.0,399.243,-0.0,-0.0,2183.0,-0.0
2033-06-04 23:00:00,-0.0,4351.9220000000005,-0.0,2110.0,-0.0,468.078,-0.0,-0.0,2183.0,-0.0
2033-06-05 00:00:00,-0.0,3508.786,-0.0,2110.0,-0.0,578.214,-0.0,-0.0,2183.0,-0.0
2033-06-05 01:00:00,-0.0,2991.184,-0.0,2110.0,-0.0,660.816,-0.0,-0.0,2183.0,-0.0
2033-06-05 02:00:00,-0.0,2744.0149999999994,-0.0,2110.0,-0.0,757.185,21.8,-0.0,2183.0,-0.0
2033-06-05 03:00:00,-0.0,2403.5899999999992,-0.0,2110.0,-0.0,770.952,43.6,45.858,2183.0,-0.0
2033-06-05 04:00:00,-0.0,2184.4939999999997,-0.0,2110.0,-0.0,702.117,76.3,940.089,2183.0,-0.0
2033-06-05 05:00:00,-0.0,3484.0200000000004,-0.0,2110.0,-0.0,536.913,130.8,2820.267,2183.0,-0.0
2033-06-05 06:00:00,-0.0,3368.865,-0.0,2110.0,-0.0,413.01,207.1,5159.025,2183.0,-0.0
2033-06-05 07:00:00,-0.0,1860.3069999999998,-0.0,2110.0,-0.0,413.01,228.9,7497.783,2183.0,-0.0
2033-06-05 08:00:00,-0.0,-0.0,-0.0,2110.0,-0.0,385.476,239.8,9584.322,2183.0,-0.0
2033-06-05 09:00:00,-0.0,-0.0,-0.0,2110.0,-0.0,316.641,283.4,10891.275,2183.0,-0.0
2033-06-05 10:00:00,-0.0,-0.0,-0.0,2110.0,-0.0,234.039,403.3,11693.79,2183.0,-0.0
2033-06-05 11:00:00,-0.0,-0.0,-0.0,2110.0,-0.0,302.874,425.1,11900.151,2183.0,-0.0
2033-06-05 12:00:00,-0.0,-0.0,-0.0,2110.0,-0.0,330.408,512.3,11418.642,452.9946315789517,-0.0
2033-06-05 13:00:00,-0.0,-0.0,-0.0,2110.0,-0.0,316.641,599.5,10478.553,2183.0,-0.0
2033-06-05 14:00:00,-0.0,-0.0,-0.0,2110.0,-0.0,344.175,654.0,9148.671,2183.0,-0.0
2033-06-05 15:00:00,-0.0,2399.5170000000007,-0.0,2110.0,-0.0,316.641,436.0,6832.842,2183.0,-0.0
2033-06-05 16:00:00,-0.0,5437.759999999998,-0.0,2110.0,-0.0,289.107,141.7,4058.433,2183.0,-0.0
2033-06-05 17:00:00,2104.9410000000016,5817.71,-0.0,2110.0,-0.0,302.874,21.8,1719.675,2183.0,-0.0
2033-06-05 18:00:00,2848.147000019003,5817.71,-0.0,2110.0,-0.0,316.641,-0.0,412.722,2183.0,-0.0
2033-06-05 19:00:00,-0.0,5817.71,-0.0,2110.0,-0.0,426.777,-0.0,-0.0,2183.0,-0.0
2033-06-05 20:00:00,-0.0,5817.71,-0.0,2110.0,-0.0,674.583,-0.0,-0.0,2183.0,-0.0
2033-06-05 21:00:00,1313.0659999999998,5817.71,-0.0,2110.0,-0.0,991.224,-0.0,-0.0,2183.0,-0.0
2033-06-05 22:00:00,-0.0,5582.746999999999,-0.0,2110.0,-0.0,812.253,-0.0,-0.0,2183.0,-0.0
2033-06-05 23:00:00,-0.0,3634.473,-0.0,2110.0,-0.0,1115.127,65.4,-0.0,2183.0,-0.0
2033-06-06 00:00:00,-0.0,2423.6980000000003,-0.0,2110.0,-0.0,1459.302,218.0,-0.0,2183.0,-0.0
2033-06-06 01:00:00,-0.0,1627.9920000000002,-0.0,2110.0,-0.0,1707.108,337.9,-0.0,2183.0,-0.0
2033-06-06 02:00:00,-0.0,1136.4219999999996,-0.0,2110.0,-0.0,1844.778,566.8,-0.0,2183.0,-0.0
2033-06-06 03:00:00,-0.0,477.79099999999926,-0.0,2110.0,-0.0,2106.351,654.0,45.858,2183.0,-0.0
2033-06-06 04:00:00,-0.0,384.259,-0.0,2110.0,-0.0,2271.555,479.6,779.586,2183.0,-0.0
2033-06-06 05:00:00,-0.0,2376.0149999999985,-0.0,2110.0,-0.0,2078.817,468.7,2109.468,2183.0,-0.0
2033-06-06 06:00:00,-0.0,2614.1179999999995,-0.0,2110.0,-0.0,1665.807,926.5,4012.575,2183.0,-0.0
2033-06-06 07:00:00,-0.0,810.2580000000007,-0.0,2110.0,-0.0,1514.37,1591.4,6144.972,2183.0,-0.0
2033-06-06 08:00:00,-0.0,-0.0,-0.0,2110.0,-0.0,1514.37,2005.6,7727.073,2183.0,-0.0
2033-06-06 09:00:00,-0.0,-0.0,-0.0,2110.0,-0.0,1418.001,2626.9,8690.091,2183.0,-0.0
2033-06-06 10:00:00,-0.0,-0.0,-0.0,2110.0,-0.0,1060.059,1885.7,9240.387,2183.0,-0.0
2033-06-06 11:00:00,-0.0,-0.0,-0.0,2110.0,-0.0,1142.661,2474.3,8919.381,-0.0,-0.0
2033-06-06 12:00:00,-0.0,-0.0,-0.0,2110.0,-0.0,1170.195,3335.4,7681.215,2183.0,-0.0
2033-06-06 13:00:00,-0.0,-0.0,-0.0,2110.0,-0.0,1128.894,2866.7,6878.7,1077.4256315789482,-0.0
2033-06-06 14:00:00,-0.0,414.3800000000001,-0.0,2110.0,-0.0,1087.593,2321.7,6030.327,2183.0,-0.0
2033-06-06 15:00:00,-0.0,2054.385000019004,-0.0,2110.0,-0.0,977.457,1493.3,4585.8,2183.0,-0.0
2033-06-06 16:00:00,-0.0,5080.922999999999,-0.0,2110.0,-0.0,1004.991,697.6,3072.486,2183.0,-0.0
2033-06-06 17:00:00,-0.0,5817.71,-0.0,2110.0,-0.0,1183.962,207.1,1467.456,2183.0,-0.0
2033-06-06 18:00:00,-0.0,5817.71,-0.0,2110.0,-0.0,1445.535,141.7,321.006,2183.0,-0.0
2033-06-06 19:00:00,-0.0,5817.71,-0.0,2110.0,-0.0,1775.943,359.7,-0.0,2183.0,-0.0
2033-06-06 20:00:00,-0.0,5817.71,-0.0,2110.0,-0.0,2037.516,512.3,-0.0,2183.0,-0.0
2033-06-06 21:00:00,-0.0,5131.378999999999,-0.0,2110.0,-0.0,2244.021,697.6,-0.0,2183.0,-0.0
2033-06-06 22:00:00,-0.0,3639.0459999999994,-0.0,2110.0,-0.0,2230.254,468.7,-0.0,2183.0,-0.0
2033-06-06 23:00:00,-0.0,1993.2440000000006,-0.0,2110.0,-0.0,2312.856,446.9,-0.0,2183.0,-0.0
2033-06-07 00:00:00,-0.0,1158.2079999999996,-0.0,2110.0,-0.0,2422.992,457.8,-0.0,2183.0,-0.0
2033-06-07 01:00:00,-0.0,635.4040000000005,-0.0,2110.0,-0.0,2588.196,392.4,-0.0,2183.0,-0.0
2033-06-07 02:00:00,-0.0,216.79899999999998,-0.0,2110.0,-0.0,2794.701,490.5,-0.0,2183.0,-0.0
2033-06-07 03:00:00,-0.0,-0.0,-0.0,2110.0,-0.0,3083.808,664.9,22.929,2183.0,-0.0
2033-06-07 04:00:00,-0.0,-0.0,-0.0,2110.0,-0.0,3345.381,795.7,596.154,2183.0,-0.0
2033-06-07 05:00:00,-0.0,1100.914999999999,-0.0,2110.0,-0.0,3469.284,904.7,1582.101,2183.0,-0.0
2033-06-07 06:00:00,-0.0,905.6025200030854,-0.0,2110.0,-0.0,3538.119,1057.3,2430.474,2183.0,-0.0
2033-06-07 07:00:00,-0.0,1911.523000000001,-0.0,2110.0,-0.0,3634.488,1199.0,3232.989,2183.0,-0.0
2033-06-07 08:00:00,-0.0,-0.0,-0.0,2110.0,-0.0,4143.867,1667.7,4356.51,1724.9229999999998,-0.0
2033-06-07 09:00:00,-0.0,-0.0,-0.0,2110.0,-0.0,4625.712,2114.6,5204.883,30.80499999999938,-0.0
2033-06-07 10:00:00,-0.0,-0.0,-0.0,1084.4319999999989,-0.0,4446.741,2779.5,6030.327,-0.0,-0.0
2033-06-07 11:00:00,-0.0,-0.0,-0.0,272.84300000000076,-0.0,4529.343,3520.7,6099.114,-0.0,-0.0
2033-06-07 12:00:00,-0.0,-0.0,-0.0,1606.8936315789488,-0.0,4611.945,3978.5,6144.972,-0.0,-0.0
2033-06-07 13:00:00,-0.0,-0.0,-0.0,-0.0,-0.0,4667.013,4992.2,6328.404,-0.0,-0.0
2033-06-07 14:00:00,-0.0,-0.0,-0.0,-0.0,-0.0,4336.605,6354.7,5846.895,-0.0,-0.0
2033-06-07 15:00:00,-0.0,-0.0,-0.0,-0.0,-0.0,3469.284,7095.9,5250.741,-0.0,-0.0
2033-06-07 16:00:00,-0.0,-0.0,-0.0,621.52,-0.0,2904.837,6703.5,3829.143,-0.0,-0.0
2033-06-07 17:00:00,-0.0,-0.0,-0.0,2110.0,-0.0,2244.021,5744.3,1742.604,2183.0,-0.0
2033-06-07 18:00:00,-0.0,-0.0,-0.0,2110.0,-0.0,1789.71,5232.0,366.864,2183.0,-0.0
2033-06-07 19:00:00,-0.0,-0.0,-0.0,2110.0,-0.0,1541.904,5330.1,-0.0,2183.0,-0.0
2033-06-07 20:00:00,-0.0,2887.397,-0.0,2110.0,-0.0,1500.603,4905.0,-0.0,2183.0,-0.0
2033-06-07 21:00:00,-0.0,190.893000019003,-0.0,2110.0,-0.0,1541.904,4610.7,-0.0,2183.0,-0.0
2033-06-07 22:00:00,-0.0,-0.0,-0.0,2110.0,-0.0,1858.545,5711.6,-0.0,927.8549999999996,-0.0
2033-06-07 23:00:00,-0.0,-0.0,-0.0,2110.0,-0.0,1913.613,6245.7,-0.0,-0.0,-0.0
2033-06-08 00:00:00,-0.0,-0.0,-0.0,2110.0,-0.0,1844.778,5940.5,-0.0,-0.0,-0.0
2033-06-08 01:00:00,-0.0,-0.0,-0.0,2110.0,-0.0,1748.409,5003.1,-0.0,-0.0,-0.0
2033-06-08 02:00:00,-0.0,-0.0,-0.0,2110.0,-0.0,1555.671,3684.2,-0.0,220.6822500085948,-0.0
2033-06-08 03:00:00,-0.0,-0.0,-0.0,2110.0,-0.0,1431.768,3215.5,22.929,-0.0,-0.0
2033-06-08 04:00:00,-0.0,-0.0,-0.0,2110.0,-0.0,1335.399,3052.0,779.586,-0.0,-0.0
2033-06-08 05:00:00,-0.0,-0.0,-0.0,2110.0,-0.0,1252.797,2997.5,3210.06,-0.0,-0.0
2033-06-08 06:00:00,-0.0,-0.0,-0.0,2110.0,-0.0,1046.292,3171.9,6259.617,804.1909999999998,-0.0
2033-06-08 07:00:00,-0.0,-0.0,-0.0,1204.8439999999998,-0.0,1128.894,3259.1,8667.162,-0.0,-0.0
2033-06-08 08:00:00,-0.0,-0.0,-0.0,-0.0,-0.0,1486.836,2932.1,10753.701,-0.0,-0.0
2033-06-08 09:00:00,-0.0,-0.0,-0.0,-0.0,-0.0,1858.545,2387.1,11785.506,-0.0,-0.0
2033-06-08 10:00:00,-0.0,-0.0,-0.0,1373.6816315789563,-0.0,1913.613,1678.6,11831.364,-0.0,-0.0
2033-06-08 11:00:00,-0.0,-0.0,-0.0,-0.0,-0.0,2120.118,1122.7,11739.648,-0.0,-0.0
2033-06-08 12:00:00,-0.0,-0.0,-0.0,2110.0,-0.0,2244.021,1024.6,10593.198,-0.0,-0.0
2033-06-08 13:00:00,-0.0,-0.0,-0.0,2110.0,-0.0,2065.05,1308.0,9148.671,-0.0,-0.0
2033-06-08 14:00:00,-0.0,-0.0,-0.0,2110.0,-0.0,1720.875,1406.1,7864.647,929.3780000000002,-0.0
2033-06-08 15:00:00,-0.0,1590.995,-0.0,2110.0,-0.0,1307.865,915.6,5961.54,2183.0,-0.0
2033-06-08 16:00:00,-0.0,4409.191000000001,-0.0,2110.0,-0.0,991.224,512.3,3783.285,2183.0,-0.0
2033-06-08 17:00:00,-0.0,5817.71,-0.0,2110.0,-0.0,715.884,250.7,1788.462,2183.0,-0.0
2033-06-08 18:00:00,-0.0,5817.71,-0.0,2110.0,-0.0,660.816,185.3,458.58,2183.0,-0.0
2033-06-08 19:00:00,2057.6850000190016,5817.71,-0.0,2110.0,-0.0,688.35,163.5,-0.0,2183.0,-0.0
2033-06-08 20:00:00,-0.0,5817.71,-0.0,2110.0,-0.0,674.583,294.3,-0.0,2183.0,-0.0
2033-06-08 21:00:00,831.6080000000011,5817.71,-0.0,2110.0,-0.0,633.282,610.4,-0.0,2183.0,-0.0
2033-06-08 22:00:00,-0.0,5225.653999999999,-0.0,2110.0,-0.0,523.146,414.2,-0.0,2183.0,-0.0
2033-06-08 23:00:00,-0.0,2819.9890000000005,-0.0,2110.0,-0.0,454.311,686.7,-0.0,2183.0,-0.0
2033-06-09 00:00:00,-0.0,1731.9560000000001,-0.0,2110.0,-0.0,440.544,1035.5,-0.0,2183.0,-0.0
2033-06-09 01:00:00,-0.0,1005.3230000000003,-0.0,2110.0,-0.0,426.777,1318.9,-0.0,2183.0,-0.0
2033-06-09 02:00:00,-0.0,661.3559999999998,-0.0,2110.0,-0.0,440.544,1406.1,-0.0,2183.0,-0.0
2033-06-09 03:00:00,-0.0,574.4650000000001,-0.0,2110.0,-0.0,426.777,991.9,45.858,2183.0,-0.0
2033-06-09 04:00:00,-0.0,-0.0,-0.0,2110.0,-0.0,468.078,719.4,871.302,2135.22,-0.0
2033-06-09 05:00:00,-0.0,-0.0,-0.0,2110.0,-0.0,454.311,566.8,3095.415,1477.4740000000002,-0.0
2033-06-09 06:00:00,-0.0,-0.0,-0.0,1961.713,-0.0,371.709,479.6,6465.978,-0.0,-0.0
2033-06-09 07:00:00,-0.0,-0.0,-0.0,-0.0,-0.0,344.175,414.2,9813.612,-0.0,-0.0
2033-06-09 08:00:00,-0.0,-0.0,-0.0,-0.0,-0.0,440.544,403.3,12014.796,-0.0,-0.0
2033-06-09 09:00:00,-0.0,-0.0,-0.0,-0.0,-0.0,591.981,283.4,12335.802,-0.0,-0.0
2033-06-09 10:00:00,-0.0,-0.0,-0.0,-0.0,-0.0,330.408,32.7,11968.938,-0.0,-0.0
2033-06-09 11:00:00,-0.0,-0.0,-0.0,-0.0,-0.0,440.544,-0.0,11808.435,-0.0,-0.0
2033-06-09 12:00:00,-0.0,-0.0,-0.0,-0.0,-0.0,536.913,-0.0,11281.068,-0.0,-0.0
2033-06-09 13:00:00,-0.0,-0.0,-0.0,-0.0,-0.0,633.282,-0.0,10661.985,-0.0,-0.0
2033-06-09 14:00:00,-0.0,-0.0,-0.0,860.6386315789447,-0.0,674.583,-0.0,9446.748,-0.0,-0.0
2033-06-09 15:00:00,-0.0,-0.0,-0.0,2110.0,-0.0,770.952,-0.0,7268.493,473.5549999999996,-0.0
2033-06-09 16:00:00,-0.0,-0.0,-0.0,2110.0,-0.0,922.389,-0.0,4471.155,2183.0,-0.0
2033-06-09 17:00:00,-0.0,3583.803000000001,-0.0,2110.0,-0.0,1087.593,-0.0,1742.604,2183.0,-0.0
2033-06-09 18:00:00,-0.0,4290.732000019003,-0.0,2110.0,-0.0,1321.632,-0.0,412.722,2183.0,-0.0
2033-06-09 19:00:00,-0.0,558.9310000000005,-0.0,2110.0,-0.0,1473.069,-0.0,-0.0,2183.0,-0.0
2033-06-09 20:00:00,-0.0,4314.9310000000005,-0.0,2110.0,-0.0,1473.069,-0.0,-0.0,2183.0,-0.0
2033-06-09 21:00:00,-0.0,3808.232,-0.0,2110.0,-0.0,1431.768,-0.0,-0.0,2183.0,-0.0
2033-06-09 22:00:00,-0.0,-0.0,-0.0,2110.0,-0.0,1514.37,-0.0,-0.0,2183.0,-0.0
2033-06-09 23:00:00,-0.0,608.067,-0.0,2110.0,-0.0,1362.933,-0.0,-0.0,2183.0,-0.0
2033-06-10 00:00:00,-0.0,93.27099999999973,-0.0,2110.0,-0.0,1197.729,-0.0,-0.0,2183.0,-0.0
2033-06-10 01:00:00,-0.0,-0.0,-0.0,2110.0,-0.0,1128.894,-0.0,-0.0,1974.106,-0.0
2033-06-10 02:00:00,-0.0,-0.0,-0.0,2110.0,-0.0,1128.894,-0.0,-0.0,1607.106,-0.0
2033-06-10 03:00:00,-0.0,-0.0,-0.0,2110.0,-0.0,1252.797,-0.0,45.858,793.345,-0.0
2033-06-10 04:00:00,-0.0,-0.0,-0.0,1964.39,-0.0,1349.166,-0.0,825.444,-0.0,-0.0
2033-06-10 05:00:00,-0.0,-0.0,-0.0,445.97800000000007,-0.0,1183.962,-0.0,3210.06,-0.0,-0.0
2033-06-10 06:00:00,-0.0,-0.0,-0.0,-0.0,-0.0,-0.0,-0.0,5925.0,-0.0,-0.0
2033-06-10 07:00:00,-0.0,-0.0,-0.0,-0.0,-0.0,-0.0,-0.0,6768.0,-0.0,-0.0
2033-06-10 08:00:00,-0.0,-0.0,-0.0,-0.0,-0.0,-0.0,-0.0,7429.0,-0.0,-0.0
2033-06-10 09:00:00,-0.0,-0.0,-0.0,-0.0,-0.0,-0.0,-0.0,7946.0,-0.0,-0.0
2033-06-10 10:00:00,-0.0,-0.0,-0.0,-0.0,-0.0,-0.0,-0.0,8363.0,-0.0,-0.0
2033-06-10 11:00:00,-0.0,-0.0,-0.0,-0.0,-0.0,-0.0,-0.0,8348.0,-0.0,-0.0
2033-06-10 12:00:00,-0.0,-0.0,-0.0,-0.0,-0.0,89.23063157894576,21.8,11303.997,-0.0,-0.0
2033-06-10 13:00:00,-0.0,-0.0,-0.0,-0.0,-0.0,1445.535,10.9,10088.76,-0.0,-0.0
2033-06-10 14:00:00,-0.0,-0.0,-0.0,-0.0,-0.0,1500.603,-0.0,8323.227,-0.0,-0.0
2033-06-10 15:00:00,-0.0,-0.0,-0.0,628.5160000000005,-0.0,1514.37,-0.0,6099.114,-0.0,-0.0
2033-06-10 16:00:00,-0.0,-0.0,-0.0,2110.0,-0.0,1486.836,10.9,3852.072,1189.1919999999998,-0.0
2033-06-10 17:00:00,-0.0,1445.4360000000006,-0.0,2110.0,-0.0,1459.302,21.8,1788.462,2183.0,-0.0
2033-06-10 18:00:00,-0.0,2721.942,-0.0,2110.0,-0.0,1665.807,43.6,435.651,2183.0,-0.0
2033-06-10 19:00:00,-0.0,-0.0,-0.0,2110.0,-0.0,2051.283,109.0,-0.0,2183.0,-0.0
2033-06-10 20:00:00,-0.0,-0.0,-0.0,2110.0,-0.0,2326.623,174.4,-0.0,2183.0,-0.0
2033-06-10 21:00:00,-0.0,404.7730000190013,-0.0,2110.0,-0.0,2367.924,196.2,-0.0,2183.0,-0.0
2033-06-10 22:00:00,-0.0,994.3490000000002,-0.0,2110.0,-0.0,2106.351,294.3,-0.0,2183.0,-0.0
2033-06-10 23:00:00,-0.0,-0.0,-0.0,2110.0,-0.0,2051.283,207.1,-0.0,2183.0,-0.0
2033-06-11 00:00:00,-0.0,-0.0,-0.0,2110.0,-0.0,1954.914,272.5,-0.0,2183.0,-0.0
2033-06-11 01:00:00,-0.0,-0.0,-0.0,2110.0,-0.0,1899.846,392.4,-0.0,2183.0,-0.0
2033-06-11 02:00:00,-0.0,-0.0,-0.0,2110.0,-0.0,1913.613,348.8,-0.0,2183.0,-0.0
2033-06-11 03:00:00,-0.0,-0.0,-0.0,2110.0,-0.0,1954.914,272.5,45.858,2183.0,-0.0
2033-06-11 04:00:00,-0.0,-0.0,-0.0,2110.0,-0.0,1775.943,316.1,848.373,2183.0,-0.0
2033-06-11 05:00:00,-0.0,867.0978325018514,-0.0,2110.0,-0.0,1349.166,207.1,3141.273,2183.0,-0.0
2033-06-11 06:00:00,-0.0,883.8389999999999,-0.0,2110.0,-0.0,963.69,32.7,6855.771,2183.0,-0.0
2033-06-11 07:00:00,-0.0,-0.0,-0.0,2110.0,-0.0,1032.525,-0.0,10478.553,587.922,-0.0
2033-06-11 08:00:00,-0.0,-0.0,-0.0,-0.0,-0.0,1192.9776315789495,-0.0,13275.891,-0.0,-0.0
2033-06-11 09:00:00,-0.0,-0.0,-0.0,-0.0,-0.0,1528.137,21.8,15110.211,-0.0,-0.0
2033-06-11 10:00:00,-0.0,-0.0,-0.0,-0.0,-0.0,1211.496,10.9,15454.146,-0.0,-0.0
2033-06-11 11:00:00,-0.0,-0.0,-0.0,-0.0,-0.0,1445.535,-0.0,15247.785,-0.0,-0.0
2033-06-11 12:00:00,-0.0,-0.0,-0.0,-0.0,-0.0,1707.108,-0.0,14445.27,-0.0,-0.0
2033-06-11 13:00:00,-0.0,-0.0,-0.0,-0.0,-0.0,2009.982,-0.0,12977.814,-0.0,-0.0
2033-06-11 14:00:00,-0.0,-0.0,-0.0,1124.9660000000003,-0.0,2436.759,-0.0,10891.275,-0.0,-0.0
2033-06-11 15:00:00,-0.0,-0.0,-0.0,2110.0,-0.0,2822.235,-0.0,8071.008,1484.757,-0.0
2033-06-11 16:00:00,-0.0,-0.0,-0.0,2110.0,-0.0,3070.041,-0.0,4723.374,2183.0,-0.0
2033-06-11 17:00:00,-0.0,4397.153000019,-0.0,2110.0,-0.0,3400.449,-0.0,1696.746,2183.0,-0.0
2033-06-11 18:00:00,-0.0,5817.71,-0.0,2110.0,-0.0,3978.663,-0.0,366.864,2183.0,-0.0
2033-06-11 19:00:00,-0.0,1465.1809999999996,-0.0,2110.0,-0.0,4914.819,-0.0,-0.0,2183.0,-0.0
2033-06-11 20:00:00,-0.0,4138.532999999999,-0.0,2110.0,-0.0,5520.567,10.9,-0.0,2183.0,-0.0
2033-06-11 21:00:00,-0.0,2811.196000000001,-0.0,2110.0,-0.0,5672.004,21.8,-0.0,2183.0,-0.0
2033-06-11 22:00:00,-0.0,214.34399999999914,-0.0,2110.0,-0.0,6442.956,32.7,-0.0,2183.0,-0.0
2033-06-11 23:00:00,-0.0,-0.0,-0.0,2110.0,-0.0,6332.82,54.5,-0.0,1205.6800000000003,-0.0
2033-06-12 00:00:00,-0.0,-0.0,-0.0,2110.0,-0.0,5878.509,76.3,-0.0,860.1909999999998,-0.0
2033-06-12 01:00:00,-0.0,-0.0,-0.0,2110.0,-0.0,5589.402,119.9,-0.0,633.6980000000003,-0.0
2033-06-12 02:00:00,-0.0,-0.0,-0.0,2110.0,-0.0,5451.732,218.0,-0.0,539.268,-0.0
2033-06-12 03:00:00,-0.0,-0.0,-0.0,2110.0,-0.0,5479.266,370.6,45.858,57.27599999999984,-0.0
2033-06-12 04:00:00,-0.0,-0.0,-0.0,2110.0,-0.0,5369.13,664.9,710.799,-0.0,-0.0
2033-06-12 05:00:00,-0.0,-0.0,-0.0,2110.0,-0.0,4818.45,861.1,2705.622,805.7723275005492,-0.0
2033-06-12 06:00:00,-0.0,-0.0,-0.0,2110.0,-0.0,4047.498,839.3,5686.392,967.81,-0.0
2033-06-12 07:00:00,-0.0,-0.0,-0.0,1570.7679999999996,-0.0,3978.663,741.2,8277.369,-0.0,-0.0
2033-06-12 08:00:00,-0.0,-0.0,-0.0,-0.0,-0.0,4091.356,588.6,9997.044,-0.0,-0.0
2033-06-12 09:00:00,-0.0,-0.0,-0.0,-0.0,-0.0,3489.7120000000004,457.8,10822.488,-0.0,-0.0
2033-06-12 10:00:00,-0.0,-0.0,-0.0,-0.0,-0.0,3584.7250000000004,545.0,10891.275,-0.0,-0.0
2033-06-12 11:00:00,-0.0,-0.0,-0.0,-0.0,-0.0,3518.1859999999992,882.9,10684.914,-0.0,-0.0
2033-06-12 12:00:00,-0.0,-0.0,-0.0,-0.0,-0.0,3402.516999999999,1547.8,9790.683,-0.0,-0.0
2033-06-12 13:00:00,-0.0,-0.0,-0.0,-0.0,-0.0,4194.205,2289.0,8139.795,-0.0,-0.0
2033-06-12 14:00:00,-0.0,-0.0,-0.0,-0.0,-0.0,6545.755138514051,3084.7,6351.333,-0.0,-0.0
2033-06-12 15:00:00,-0.0,-0.0,-0.0,-0.0,-0.0,8191.365,3934.9,4585.8,-0.0,-0.0
2033-06-12 16:00:00,-0.0,-0.0,-0.0,-0.0,-0.0,8246.433,4501.7,2659.764,-0.0,-0.0
2033-06-12 17:00:00,-0.0,-0.0,-0.0,-0.0,-0.0,8356.569,4665.2,1146.45,-0.0,-0.0
2033-06-12 18:00:00,-0.0,-0.0,-0.0,-0.0,-0.0,8631.909,4447.2,298.077,-0.0,-0.0
2033-06-12 19:00:00,-0.0,-0.0,-0.0,-0.0,-0.0,8865.948,4599.8,-0.0,-0.0,-0.0
2033-06-12 20:00:00,-0.0,-0.0,-0.0,-0.0,-0.0,8810.88,5014.0,-0.0,-0.0,-0.0
2033-06-12 21:00:00,-0.0,-0.0,-0.0,-0.0,-0.0,7495.0,5341.0,-0.0,-0.0,-0.0
2033-06-12 22:00:00,-0.0,-0.0,-0.0,-0.0,-0.0,6563.7,4545.3,-0.0,-0.0,-0.0
2033-06-12 23:00:00,-0.0,-0.0,-0.0,-0.0,-0.0,5395.5,4414.5,-0.0,-0.0,-0.0
2033-06-13 00:00:00,-0.0,-0.0,-0.0,-0.0,-0.0,4920.9,4131.1,-0.0,-0.0,-0.0
2033-06-13 01:00:00,-0.0,-0.0,-0.0,-0.0,-0.0,4500.6,4098.4,-0.0,-0.0,-0.0
2033-06-13 02:00:00,-0.0,-0.0,-0.0,-0.0,-0.0,4057.6000000000004,4425.4,-0.0,-0.0,-0.0
2033-06-13 03:00:00,-0.0,-0.0,-0.0,-0.0,-0.0,3508.071,4687.0,22.929,-0.0,-0.0
2033-06-13 04:00:00,-0.0,-0.0,-0.0,-0.0,-0.0,3664.791,4610.7,481.509,-0.0,-0.0
2033-06-13 05:00:00,-0.0,-0.0,-0.0,-0.0,-0.0,5442.88,4381.8,1834.32,-0.0,-0.0
2033-06-13 06:00:00,-0.0,-0.0,-0.0,-0.0,-0.0,5354.221999999999,4283.7,4173.078,-0.0,-0.0
2033-06-13 07:00:00,-0.0,-0.0,-0.0,-0.0,-0.0,3613.148,4545.3,6603.552,-0.0,-0.0
2033-06-13 08:00:00,-0.0,-0.0,-0.0,-0.0,-0.0,1432.5860000000011,5079.4,8392.014,-0.0,-0.0
2033-06-13 09:00:00,-0.0,-0.0,-0.0,-0.0,-0.0,-0.0,5347.9619999999995,9676.038,-0.0,-0.0
2033-06-13 10:00:00,-0.0,-0.0,-0.0,-0.0,-0.0,-0.0,5457.459000000001,9836.541,-0.0,-0.0
2033-06-13 11:00:00,-0.0,-0.0,-0.0,-0.0,-0.0,-0.0,5559.388000000001,9813.612,-0.0,-0.0
2033-06-13 12:00:00,-0.0,-0.0,-0.0,-0.0,-0.0,-0.0,5202.388000000001,9813.612,-0.0,-0.0
2033-06-13 13:00:00,-0.0,-0.0,-0.0,-0.0,-0.0,-0.0,5827.045,9056.955,-0.0,-0.0
2033-06-13 14:00:00,-0.0,-0.0,-0.0,-0.0,-0.0,721.0559999999996,6561.8,7704.144,-0.0,-0.0
2033-06-13 15:00:00,-0.0,-0.0,-0.0,-0.0,-0.0,2048.743999999999,6867.0,6053.256,-0.0,-0.0
2033-06-13 16:00:00,-0.0,-0.0,-0.0,-0.0,-0.0,3436.7569999999996,7619.1,3829.143,-0.0,-0.0
2033-06-13 17:00:00,-0.0,-0.0,-0.0,-0.0,-0.0,4530.585999999999,8927.1,1513.314,-0.0,-0.0
2033-06-13 18:00:00,-0.0,-0.0,-0.0,-0.0,-0.0,4914.094000000001,10038.9,321.006,-0.0,-0.0
2033-06-13 19:00:00,-0.0,-0.0,-0.0,-0.0,-0.0,4707.700000000001,10213.3,-0.0,-0.0,-0.0
2033-06-13 20:00:00,-0.0,-0.0,-0.0,-0.0,-0.0,4081.1000000000004,10038.9,-0.0,-0.0,-0.0
2033-06-13 21:00:00,-0.0,-0.0,-0.0,-0.0,-0.0,3590.8999999999996,9363.1,-0.0,-0.0,-0.0
2033-06-13 22:00:00,-0.0,-0.0,-0.0,-0.0,-0.0,3138.0,8066.0,-0.0,-0.0,-0.0
2033-06-13 23:00:00,-0.0,-0.0,-0.0,-0.0,-0.0,2221.0,7630.0,-0.0,-0.0,-0.0
2033-06-14 00:00:00,-0.0,-0.0,-0.0,-0.0,-0.0,2755.8,6300.2,-0.0,-0.0,-0.0
2033-06-14 01:00:00,-0.0,-0.0,-0.0,-0.0,-0.0,4088.1000000000004,4479.9,-0.0,-0.0,-0.0
2033-06-14 02:00:00,-0.0,-0.0,-0.0,-0.0,-0.0,5072.9,3368.1,-0.0,-0.0,-0.0
2033-06-14 03:00:00,-0.0,-0.0,-0.0,-0.0,-0.0,4450.171,3716.9,22.929,-0.0,-0.0
2033-06-14 04:00:00,-0.0,-0.0,-0.0,-0.0,-0.0,3496.572,4501.7,733.728,-0.0,-0.0
2033-06-14 05:00:00,-0.0,-0.0,-0.0,-0.0,-0.0,4003.142999999999,4654.3,3049.557,-0.0,-0.0
2033-06-14 06:00:00,-0.0,-0.0,-0.0,-0.0,-0.0,2883.4159999999993,4185.6,6786.984,-0.0,-0.0
2033-06-14 07:00:00,-0.0,-0.0,-0.0,-0.0,-0.0,329.8949999999995,4283.7,10203.405,-0.0,-0.0
2033-06-14 08:00:00,-0.0,-0.0,-0.0,-0.0,-0.0,-0.0,2116.5470000000005,12771.453,-0.0,-0.0
2033-06-14 09:00:00,-0.0,-0.0,-0.0,-0.0,-0.0,-0.0,822.7360000000008,14124.264,-0.0,-0.0
2033-06-14 10:00:00,-0.0,-0.0,-0.0,-0.0,-0.0,-0.0,845.4459999999999,14353.554,-0.0,-0.0
2033-06-14 11:00:00,-0.0,-0.0,-0.0,-0.0,-0.0,-0.0,1554.4580000000005,13711.542,-0.0,-0.0
2033-06-14 12:00:00,-0.0,-0.0,-0.0,-0.0,-0.0,-0.0,2682.9140000000007,12244.086,-0.0,-0.0
2033-06-14 13:00:00,-0.0,-0.0,-0.0,-0.0,-0.0,-0.0,4255.66,10547.34,-0.0,-0.0
2033-06-14 14:00:00,-0.0,-0.0,-0.0,-0.0,-0.0,647.254631578945,7717.2,8781.807,-0.0,-0.0
2033-06-14 15:00:00,-0.0,-0.0,-0.0,-0.0,-0.0,4476.454999999999,7390.2,6993.345,-0.0,-0.0
2033-06-14 16:00:00,-0.0,-0.0,-0.0,-0.0,-0.0,5616.936,6790.7,4471.155,-0.0,-0.0
2033-06-14 17:00:00,-0.0,-0.0,-0.0,-0.0,-0.0,4763.382,6202.1,1926.036,-0.0,-0.0
2033-06-14 18:00:00,-0.0,-0.0,-0.0,1922.862000018999,-0.0,3827.226,6278.4,458.58,-0.0,-0.0
2033-06-14 19:00:00,-0.0,-0.0,-0.0,2110.0,-0.0,3290.313,7085.0,-0.0,-0.0,-0.0
2033-06-14 20:00:00,-0.0,-0.0,-0.0,2110.0,-0.0,2794.701,8022.4,-0.0,-0.0,-0.0
2033-06-14 21:00:00,-0.0,-0.0,-0.0,1948.076,-0.0,2367.924,8502.0,-0.0,-0.0,-0.0
2033-06-14 22:00:00,-0.0,-0.0,-0.0,-0.0,-0.0,1450.2999999999993,9624.7,-0.0,-0.0,-0.0
2033-06-14 23:00:00,-0.0,-0.0,-0.0,-0.0,-0.0,924.8999999999996,8818.1,-0.0,-0.0,-0.0
