date,fra_hard-coal,fra_gas,fra_oil,fra_other-non-renewables,fra_wind-on-shore,fra_wind-off-shore,fra_solar-pv,fra_other-renewables,fra_uranium,fra_failure
2025-01-01 00:00:00,-0.0,-0.0,-0.0,-0.0,1371.306,137.02,-0.0,2265.0,51315.674000000006,-0.0
2025-01-01 01:00:00,-0.0,-0.0,-0.0,-0.0,1419.422,126.945,-0.0,2265.0,49247.633,-0.0
2025-01-01 02:00:00,-0.0,-0.0,-0.0,-0.0,1563.77,124.93,-0.0,2265.0,46467.3,-0.0
2025-01-01 03:00:00,-0.0,-0.0,-0.0,-0.0,1563.77,130.975,-0.0,2265.0,44730.255000000005,-0.0
2025-01-01 04:00:00,-0.0,-0.0,-0.0,-0.0,1539.712,147.095,-0.0,2265.0,44448.193,-0.0
2025-01-01 05:00:00,-0.0,-0.0,-0.0,-0.0,1515.654,163.215,-0.0,2265.0,45179.131,-0.0
2025-01-01 06:00:00,-0.0,-0.0,-0.0,-0.0,1563.77,175.305,-0.0,2265.0,45772.925,-0.0
2025-01-01 07:00:00,-0.0,-0.0,-0.0,-0.0,1635.944,179.335,-0.0,2265.0,46392.721,-0.0
2025-01-01 08:00:00,-0.0,-0.0,-0.0,-0.0,1756.234,183.365,1109.224,2265.0,46900.177,-0.0
2025-01-01 09:00:00,-0.0,-0.0,-0.0,-0.0,1828.408,195.455,3036.728,2265.0,46625.40899999999,-0.0
2025-01-01 10:00:00,-0.0,-0.0,-0.0,-0.0,1251.016,189.41,4873.312,2265.0,47727.261999999995,-0.0
2025-01-01 11:00:00,-0.0,-0.0,-0.0,-0.0,1251.016,225.68,6309.848,2265.0,48226.456,-0.0
2025-01-01 12:00:00,-0.0,-0.0,-0.0,-0.0,1275.074,241.8,6873.552,2265.0,61761.0,-0.0
2025-01-01 13:00:00,-0.0,-0.0,-0.0,-0.0,1323.19,251.875,6546.24,2265.0,43204.695,-0.0
2025-01-01 14:00:00,-0.0,-0.0,-0.0,-0.0,1467.538,255.905,5273.36,2265.0,43414.197,-0.0
2025-01-01 15:00:00,-0.0,-0.0,-0.0,-0.0,1611.886,270.01,3054.912,2265.0,45224.192,-0.0
2025-01-01 16:00:00,-0.0,-0.0,-0.0,-0.0,1972.756,304.265,272.76,2265.0,51744.219,-0.0
2025-01-01 17:00:00,-0.0,-0.0,-0.0,-0.0,2453.916,324.415,-0.0,2265.0,53842.669,-0.0
2025-01-01 18:00:00,-0.0,-0.0,-0.0,-0.0,2742.612,314.34,-0.0,2265.0,53221.048,-0.0
2025-01-01 19:00:00,-0.0,-0.0,-0.0,-0.0,2862.902,274.04,-0.0,2265.0,51035.058,-0.0
2025-01-01 20:00:00,-0.0,-0.0,-0.0,-0.0,2935.076,223.665,-0.0,2265.0,49166.259,-0.0
2025-01-01 21:00:00,-0.0,-0.0,-0.0,-0.0,2935.076,183.365,-0.0,2265.0,51724.559,-0.0
2025-01-01 22:00:00,-0.0,-0.0,-0.0,-0.0,2020.872,235.755,-0.0,2265.0,52793.373,-0.0
2025-01-01 23:00:00,-0.0,-0.0,-0.0,-0.0,1924.64,195.455,-0.0,2265.0,48827.905,-0.0
2025-01-02 00:00:00,-0.0,-0.0,-0.0,-0.0,1900.582,151.125,-0.0,2265.0,48212.293,-0.0
2025-01-02 01:00:00,-0.0,-0.0,-0.0,-0.0,2044.93,120.9,-0.0,2265.0,46418.17,-0.0
2025-01-02 02:00:00,-0.0,-0.0,-0.0,-0.0,2213.336,120.9,-0.0,2265.0,44607.763999999996,-0.0
2025-01-02 03:00:00,-0.0,-0.0,-0.0,-0.0,2453.916,147.095,-0.0,2265.0,44037.989,-0.0
2025-01-02 04:00:00,-0.0,-0.0,-0.0,-0.0,2574.206,189.41,-0.0,2265.0,45636.384,-0.0
2025-01-02 05:00:00,-0.0,-0.0,-0.0,-0.0,2646.38,249.86,-0.0,2265.0,50581.76,-0.0
2025-01-02 06:00:00,-0.0,-0.0,-0.0,-0.0,2598.264,296.205,-0.0,2265.0,54244.530999999995,-0.0
2025-01-02 07:00:00,-0.0,-0.0,-0.0,-0.0,2622.322,334.49,-0.0,2265.0,56696.188,-0.0
2025-01-02 08:00:00,-0.0,-0.0,-0.0,-0.0,2574.206,354.64,1254.696,2265.0,57735.458000000006,-0.0
2025-01-02 09:00:00,-0.0,-0.0,-0.0,-0.0,2357.684,362.7,3873.192,2265.0,55810.424,-0.0
2025-01-02 10:00:00,-0.0,-0.0,-0.0,-0.0,1563.77,372.775,6164.376,2265.0,56173.079,-0.0
2025-01-02 11:00:00,-0.0,-0.0,-0.0,-0.0,1756.234,322.4,7710.016,2265.0,55342.35,-0.0
2025-01-02 12:00:00,-0.0,-0.0,-0.0,-0.0,1804.35,245.83,8382.824,2265.0,52767.996,-0.0
2025-01-02 13:00:00,-0.0,-0.0,-0.0,-0.0,1780.292,169.26,7964.592,2265.0,52026.856,-0.0
2025-01-02 14:00:00,-0.0,-0.0,-0.0,-0.0,1732.176,116.87,6346.216,2265.0,52924.738,-0.0
2025-01-02 15:00:00,-0.0,-0.0,-0.0,-0.0,1635.944,118.885,3800.456,2265.0,59320.12220222739,-0.0
2025-01-02 16:00:00,-0.0,-0.0,-0.0,-0.0,1732.176,157.17,454.6,2265.0,61761.0,-0.0
2025-01-02 17:00:00,-0.0,-0.0,-0.0,-0.0,1996.814,231.725,-0.0,2265.0,61761.0,-0.0
2025-01-02 18:00:00,-0.0,-0.0,-0.0,-0.0,2405.8,316.355,-0.0,2265.0,61761.0,-0.0
2025-01-02 19:00:00,-0.0,-0.0,-0.0,-0.0,2622.322,356.655,-0.0,2265.0,57582.023,-0.0
2025-01-02 20:00:00,-0.0,-0.0,-0.0,-0.0,2838.844,372.775,-0.0,2265.0,54789.381,-0.0
2025-01-02 21:00:00,-0.0,-0.0,-0.0,-0.0,3055.366,374.79,-0.0,2265.0,61761.0,-0.0
2025-01-02 22:00:00,-0.0,-0.0,-0.0,-0.0,2502.032,267.995,-0.0,2265.0,57116.973,-0.0
2025-01-02 23:00:00,-0.0,-0.0,-0.0,-0.0,2935.076,292.175,-0.0,2265.0,54408.748999999996,-0.0
2025-01-03 00:00:00,-0.0,-0.0,-0.0,-0.0,3175.656,310.31,-0.0,2265.0,53436.034,-0.0
2025-01-03 01:00:00,-0.0,-0.0,-0.0,-0.0,3440.294,348.595,-0.0,2265.0,51412.111,-0.0
2025-01-03 02:00:00,-0.0,-0.0,-0.0,-0.0,3584.642,415.09,-0.0,2265.0,49537.268000000004,-0.0
2025-01-03 03:00:00,-0.0,-0.0,-0.0,-0.0,3753.048,517.855,-0.0,2265.0,48848.096999999994,-0.0
2025-01-03 04:00:00,-0.0,-0.0,-0.0,-0.0,3849.28,592.41,-0.0,2265.0,50901.31,-0.0
2025-01-03 05:00:00,-0.0,-0.0,-0.0,-0.0,3945.512,642.785,-0.0,2265.0,58970.29358172261,-0.0
2025-01-03 06:00:00,-0.0,-0.0,-0.0,-0.0,4137.976,709.28,-0.0,2265.0,61472.744,-0.0
2025-01-03 07:00:00,-0.0,-0.0,-0.0,-0.0,4354.498,801.97,-0.0,2265.0,61761.0,-0.0
2025-01-03 08:00:00,-0.0,-0.0,-0.0,-0.0,4619.136,894.66,1309.248,2265.0,61761.0,-0.0
2025-01-03 09:00:00,-0.0,-0.0,-0.0,-0.0,4595.078,1005.485,4327.792,2265.0,58562.645,-0.0
2025-01-03 10:00:00,-0.0,-0.0,-0.0,-0.0,3825.222,1160.64,6782.632,2265.0,57455.506,-0.0
2025-01-03 11:00:00,-0.0,-0.0,-0.0,-0.0,3777.106,1211.015,8437.376,2265.0,55681.503,-0.0
2025-01-03 12:00:00,-0.0,-0.0,-0.0,-0.0,3897.396,1229.15,8910.16,2265.0,52851.293999999994,-0.0
2025-01-03 13:00:00,-0.0,-0.0,-0.0,-0.0,3993.628,1261.39,8219.168,2265.0,51878.814000000006,-0.0
2025-01-03 14:00:00,-0.0,-0.0,-0.0,-0.0,4113.918,1277.51,6418.952,2265.0,54469.409698066425,-0.0
2025-01-03 15:00:00,-0.0,-0.0,-0.0,-0.0,4450.73,1295.645,3691.352,2265.0,55034.273,-0.0
2025-01-03 16:00:00,-0.0,-0.0,-0.0,-0.0,5172.47,1319.825,472.784,2265.0,61761.0,-0.0
2025-01-03 17:00:00,-0.0,-0.0,-0.0,-0.0,6062.616,1360.125,-0.0,2265.0,61761.0,-0.0
2025-01-03 18:00:00,-0.0,-0.0,-0.0,-0.0,6832.472,1440.725,-0.0,2265.0,60434.80299999999,-0.0
2025-01-03 19:00:00,-0.0,-0.0,-0.0,-0.0,7433.922,1529.385,-0.0,2265.0,55102.693,-0.0
2025-01-03 20:00:00,-0.0,-0.0,-0.0,-0.0,8011.314,1640.21,-0.0,2265.0,51521.476,-0.0
2025-01-03 21:00:00,-0.0,-0.0,-0.0,-0.0,8468.416,1736.93,-0.0,2265.0,52869.654,-0.0
2025-01-03 22:00:00,-0.0,-0.0,-0.0,-0.0,9021.75,1744.99,-0.0,2265.0,51924.26,-0.0
2025-01-03 23:00:00,-0.0,-0.0,-0.0,-0.0,9406.678,1819.545,-0.0,2265.0,47102.777,-0.0
2025-01-04 00:00:00,-0.0,-0.0,-0.0,-0.0,9695.374,1853.8,-0.0,2265.0,45971.826,-0.0
2025-01-04 01:00:00,-0.0,-0.0,-0.0,-0.0,9887.838,1867.905,-0.0,2265.0,61761.0,-0.0
2025-01-04 02:00:00,-0.0,-0.0,-0.0,-0.0,10104.36,1871.935,-0.0,2265.0,41645.705,-0.0
2025-01-04 03:00:00,-0.0,-0.0,-0.0,-0.0,10344.94,1867.905,-0.0,2265.0,40848.155,-0.0
2025-01-04 04:00:00,-0.0,-0.0,-0.0,-0.0,10417.114,1861.86,-0.0,2265.0,42818.026,-0.0
2025-01-04 05:00:00,-0.0,-0.0,-0.0,-0.0,10344.94,1857.83,-0.0,2265.0,61761.0,-0.0
2025-01-04 06:00:00,-0.0,-0.0,-0.0,-0.0,10344.94,1853.8,-0.0,2265.0,53418.259999999995,-0.0
2025-01-04 07:00:00,-0.0,-0.0,-0.0,-0.0,10152.476,1847.755,-0.0,2265.0,55192.769,-0.0
2025-01-04 08:00:00,-0.0,-0.0,-0.0,-0.0,10056.244,1843.725,1109.224,2265.0,54988.807,-0.0
2025-01-04 09:00:00,-0.0,-0.0,-0.0,-0.0,9719.432,1843.725,3218.568,2265.0,51803.275,-0.0
2025-01-04 10:00:00,-0.0,-0.0,-0.0,-0.0,8612.764,1809.47,5036.968,2265.0,52056.797999999995,-0.0
2025-01-04 11:00:00,-0.0,-0.0,-0.0,-0.0,8179.72,1823.575,6218.928,2265.0,51004.777,-0.0
2025-01-04 12:00:00,-0.0,-0.0,-0.0,-0.0,8179.72,1819.545,6600.792,2265.0,48505.943,-0.0
2025-01-04 13:00:00,-0.0,-0.0,-0.0,-0.0,7915.082,1813.5,6164.376,2265.0,47620.041999999994,-0.0
2025-01-04 14:00:00,-0.0,-0.0,-0.0,-0.0,7482.038,1809.47,4818.76,2265.0,48185.731999999996,-0.0
2025-01-04 15:00:00,-0.0,-0.0,-0.0,-0.0,7097.11,1811.485,2782.152,2265.0,50516.253,-0.0
2025-01-04 16:00:00,-0.0,-0.0,-0.0,-0.0,7145.226,1813.5,327.312,2265.0,56783.96199999999,-0.0
2025-01-04 17:00:00,-0.0,-0.0,-0.0,-0.0,7169.284,1821.56,-0.0,2265.0,59499.156,-0.0
2025-01-04 18:00:00,-0.0,-0.0,-0.0,-0.0,7121.168,1807.455,-0.0,2265.0,56779.377,-0.0
2025-01-04 19:00:00,-0.0,-0.0,-0.0,-0.0,6808.414,1781.26,-0.0,2265.0,52619.326,-0.0
2025-01-04 20:00:00,-0.0,-0.0,-0.0,-0.0,6615.95,1763.125,-0.0,2265.0,50095.925,-0.0
2025-01-04 21:00:00,-0.0,-0.0,-0.0,-0.0,6423.486,1789.32,-0.0,2265.0,52176.194,-0.0
2025-01-04 22:00:00,-0.0,-0.0,-0.0,-0.0,6014.5,1734.915,-0.0,2265.0,52307.585,-0.0
2025-01-04 23:00:00,-0.0,-0.0,-0.0,-0.0,6182.906,1628.12,-0.0,2265.0,49217.973999999995,-0.0
2025-01-05 00:00:00,-0.0,-0.0,-0.0,-0.0,6110.732,1634.165,-0.0,2265.0,48446.103,-0.0
2025-01-05 01:00:00,-0.0,-0.0,-0.0,-0.0,6158.848,1559.61,-0.0,2265.0,61761.0,-0.0
2025-01-05 02:00:00,-0.0,-0.0,-0.0,-0.0,6231.022,1545.505,-0.0,2265.0,44696.473000000005,-0.0
2025-01-05 03:00:00,-0.0,-0.0,-0.0,-0.0,6327.254,1555.58,-0.0,2265.0,43928.166,-0.0
2025-01-05 04:00:00,-0.0,-0.0,-0.0,-0.0,6712.182,1601.925,-0.0,2265.0,45432.893,-0.0
2025-01-05 05:00:00,-0.0,-0.0,-0.0,-0.0,6688.124,1497.145,-0.0,2265.0,51214.731,-0.0
2025-01-05 06:00:00,-0.0,-0.0,-0.0,-0.0,6664.066,1519.31,-0.0,2265.0,55873.624,-0.0
2025-01-05 07:00:00,-0.0,-0.0,-0.0,-0.0,6808.414,1495.13,-0.0,2265.0,61761.0,-0.0
2025-01-05 08:00:00,-0.0,-0.0,-0.0,-0.0,7000.878,1487.07,636.44,2265.0,61761.0,-0.0
2025-01-05 09:00:00,-0.0,-0.0,-0.0,-0.0,7361.748,1618.045,2418.472,2265.0,56362.25000000003,-0.0
2025-01-05 10:00:00,-0.0,-0.0,-0.0,-0.0,6832.472,1676.48,3909.56,2265.0,52796.488,-0.0
2025-01-05 11:00:00,-0.0,-0.0,-0.0,-0.0,6688.124,1702.675,5127.888,2265.0,51452.312999999995,-0.0
2025-01-05 12:00:00,-0.0,-0.0,-0.0,-0.0,7361.748,1722.825,5546.12,2265.0,57912.30700000001,-0.0
2025-01-05 13:00:00,-0.0,-0.0,-0.0,-0.0,7915.082,1843.725,4964.232,2265.0,61761.0,-0.0
2025-01-05 14:00:00,-0.0,-0.0,-0.0,-0.0,7963.198,1896.115,3600.432,2265.0,60994.62199999999,-0.0
2025-01-05 15:00:00,-0.0,-0.0,-0.0,-0.0,8155.662,1914.25,1836.584,2265.0,46969.504,-0.0
2025-01-05 16:00:00,-0.0,-0.0,-0.0,-0.0,8636.822,1914.25,181.84,2265.0,61761.0,-0.0
2025-01-05 17:00:00,-0.0,-0.0,-0.0,-0.0,9719.432,1914.25,-0.0,2265.0,61761.0,-0.0
2025-01-05 18:00:00,-0.0,-0.0,-0.0,-0.0,11018.564,1912.235,-0.0,2265.0,61761.0,-0.0
2025-01-05 19:00:00,-0.0,-0.0,-0.0,-0.0,12221.464,1910.22,-0.0,2265.0,61761.0,-0.0
2025-01-05 20:00:00,-0.0,-0.0,-0.0,-0.0,13255.958,1914.25,-0.0,2265.0,59557.792,-0.0
2025-01-05 21:00:00,-0.0,-0.0,-0.0,-0.0,14266.394,1914.25,-0.0,2265.0,40646.356,-0.0
2025-01-05 22:00:00,-0.0,-0.0,-0.0,-0.0,15276.83,1914.25,-0.0,2265.0,39441.92,-0.0
2025-01-05 23:00:00,-0.0,-0.0,-0.0,-0.0,15661.758,1912.235,-0.0,2265.0,39631.524,-0.0
2025-01-06 00:00:00,-0.0,-0.0,-0.0,-0.0,16094.802,1910.22,-0.0,2265.0,40357.978,-0.0
2025-01-06 01:00:00,-0.0,-0.0,-0.0,-0.0,16455.672,1908.205,-0.0,2265.0,47766.123,-0.0
2025-01-06 02:00:00,-0.0,-0.0,-0.0,-0.0,16191.034,1904.175,-0.0,2265.0,25558.790999999997,-0.0
2025-01-06 03:00:00,-0.0,-0.0,-0.0,-0.0,15469.294,1888.055,-0.0,2265.0,35230.651,-0.0
2025-01-06 04:00:00,-0.0,-0.0,-0.0,-0.0,14506.974,1749.02,-0.0,2265.0,36839.006,-0.0
2025-01-06 05:00:00,-0.0,-0.0,-0.0,-0.0,12798.856,1434.68,-0.0,2265.0,50835.464,-0.0
2025-01-06 06:00:00,-0.0,-0.0,-0.0,-0.0,11114.796,1217.06,-0.0,2265.0,34753.144,-0.0
2025-01-06 07:00:00,-0.0,-0.0,-0.0,-0.0,9719.432,1112.28,-0.0,2265.0,58339.288,-0.0
2025-01-06 08:00:00,-0.0,-0.0,-0.0,-0.0,8372.184,1176.76,90.92,2265.0,41823.136,-0.0
2025-01-06 09:00:00,-0.0,-0.0,-0.0,-0.0,6952.762,1430.65,563.704,2265.0,53679.884,-0.0
2025-01-06 10:00:00,-0.0,-0.0,-0.0,-0.0,5244.644,1428.635,1218.328,2265.0,61761.0,-0.0
2025-01-06 11:00:00,-0.0,-0.0,-0.0,-0.0,4859.716,1384.305,1654.744,2265.0,52632.628,-0.0
2025-01-06 12:00:00,-0.0,-0.0,-0.0,-0.0,4522.904,1344.005,1872.952,2265.0,61761.0,-0.0
2025-01-06 13:00:00,-0.0,-0.0,-0.0,-0.0,3704.932,1402.44,1745.664,2265.0,58634.102999999996,-0.0
2025-01-06 14:00:00,-0.0,-0.0,-0.0,-0.0,3079.424,1412.515,1291.064,2265.0,44373.997,-0.0
2025-01-06 15:00:00,-0.0,-0.0,-0.0,-0.0,2862.902,1513.265,618.256,2265.0,61761.0,-0.0
2025-01-06 16:00:00,-0.0,-0.0,-0.0,-0.0,2983.192,1213.03,36.368,2265.0,61761.0,-0.0
2025-01-06 17:00:00,-0.0,-0.0,-0.0,-0.0,2959.134,1013.545,-0.0,2265.0,51510.308000000005,-0.0
2025-01-06 18:00:00,-0.0,-0.0,-0.0,-0.0,2886.96,1142.505,-0.0,2265.0,61761.0,-0.0
2025-01-06 19:00:00,-0.0,-0.0,-0.0,-0.0,3223.772,1162.655,-0.0,2265.0,53777.10800000001,-0.0
2025-01-06 20:00:00,-0.0,-0.0,-0.0,-0.0,3416.236,854.36,-0.0,2265.0,61761.0,-0.0
2025-01-06 21:00:00,-0.0,-0.0,-0.0,-0.0,3055.366,928.915,-0.0,2265.0,59746.12299999999,-0.0
2025-01-06 22:00:00,-0.0,-0.0,-0.0,-0.0,2862.902,725.4,-0.0,2265.0,48203.698,-0.0
2025-01-06 23:00:00,-0.0,-0.0,-0.0,-0.0,2670.438,556.14,-0.0,2265.0,56046.422,-0.0
2025-01-07 00:00:00,-0.0,-0.0,-0.0,-0.0,2814.786,511.81,-0.0,2265.0,61761.0,-0.0
2025-01-07 01:00:00,-0.0,-0.0,-0.0,-0.0,2935.076,459.42,-0.0,2265.0,55903.908,-0.0
2025-01-07 02:00:00,-0.0,-0.0,-0.0,-0.0,2886.96,362.7,-0.0,2265.0,40078.340000000004,-0.0
2025-01-07 03:00:00,-0.0,-0.0,-0.0,-0.0,3079.424,286.13,-0.0,2265.0,48154.446,-0.0
2025-01-07 04:00:00,-0.0,-0.0,-0.0,-0.0,3223.772,259.935,-0.0,2265.0,47642.293000000005,-0.0
2025-01-07 05:00:00,-0.0,-0.0,-0.0,-0.0,3295.946,274.04,-0.0,2265.0,48315.013999999996,-0.0
2025-01-07 06:00:00,-0.0,-0.0,-0.0,-0.0,3344.062,278.07,-0.0,2265.0,58841.868,-0.0
2025-01-07 07:00:00,-0.0,-0.0,-0.0,-0.0,3440.294,334.49,-0.0,2265.0,49349.216,-0.0
2025-01-07 08:00:00,-0.0,-0.0,-0.0,-0.0,3704.932,429.195,600.072,2265.0,40217.801,-0.0
2025-01-07 09:00:00,-0.0,-0.0,-0.0,-0.0,3632.758,473.525,1672.928,2265.0,60800.789,-0.0
2025-01-07 10:00:00,-0.0,-0.0,-0.0,-0.0,3512.468,580.32,2909.44,2265.0,42582.562999999995,-0.0
2025-01-07 11:00:00,-0.0,-0.0,-0.0,-0.0,4282.324,570.245,3818.64,2265.0,61761.0,-0.0
2025-01-07 12:00:00,-0.0,-0.0,-0.0,-0.0,4426.672,433.225,4036.848,2265.0,39726.255000000005,-0.0
2025-01-07 13:00:00,-0.0,-0.0,-0.0,-0.0,4378.556,322.4,3564.064,2265.0,50307.3,-0.0
2025-01-07 14:00:00,-0.0,-0.0,-0.0,-0.0,4186.092,322.4,2563.944,2265.0,58120.564,-0.0
2025-01-07 15:00:00,-0.0,-0.0,-0.0,-0.0,3969.57,352.625,1345.616,2265.0,39173.189,-0.0
2025-01-07 16:00:00,-0.0,-0.0,-0.0,-0.0,3945.512,386.88,127.288,2265.0,61761.0,-0.0
2025-01-07 17:00:00,-0.0,-0.0,-0.0,-0.0,4065.802,378.82,-0.0,2265.0,46258.378,-0.0
2025-01-07 18:00:00,-0.0,-0.0,-0.0,-0.0,4282.324,310.31,-0.0,2265.0,61761.0,-0.0
2025-01-07 19:00:00,-0.0,-0.0,-0.0,-0.0,4378.556,272.025,-0.0,2265.0,58070.785,-0.0
2025-01-07 20:00:00,-0.0,-0.0,-0.0,-0.0,4402.614,304.265,-0.0,2265.0,42389.121,-0.0
2025-01-07 21:00:00,-0.0,-0.0,-0.0,-0.0,4546.962,370.76,-0.0,2265.0,57766.832,-0.0
2025-01-07 22:00:00,-0.0,-0.0,-0.0,-0.0,4258.266,427.18,-0.0,2265.0,61761.0,-0.0
2025-01-07 23:00:00,-0.0,-0.0,-0.0,-0.0,4113.918,457.405,-0.0,2265.0,43036.677,-0.0
2025-01-08 00:00:00,-0.0,-0.0,-0.0,-0.0,4282.324,485.615,-0.0,2265.0,52273.061,-0.0
2025-01-08 01:00:00,-0.0,-0.0,-0.0,-0.0,4474.788,489.645,-0.0,2265.0,60080.567,-0.0
2025-01-08 02:00:00,-0.0,-0.0,-0.0,-0.0,4426.672,465.465,-0.0,2265.0,38135.863000000005,-0.0
2025-01-08 03:00:00,-0.0,-0.0,-0.0,-0.0,4402.614,467.48,-0.0,2265.0,54045.15299999999,-0.0
2025-01-08 04:00:00,-0.0,-0.0,-0.0,-0.0,4306.382,461.435,-0.0,2265.0,60118.183000000005,-0.0
2025-01-08 05:00:00,-0.0,-0.0,-0.0,-0.0,4089.86,473.525,-0.0,2265.0,61761.0,-0.0
2025-01-08 06:00:00,-0.0,-0.0,-0.0,-0.0,3993.628,558.155,-0.0,2265.0,61761.0,-0.0
2025-01-08 07:00:00,-0.0,-0.0,-0.0,-0.0,3897.396,606.515,-0.0,2265.0,53631.089,-0.0
2025-01-08 08:00:00,-0.0,-0.0,-0.0,-0.0,3825.222,600.47,727.36,2265.0,61761.0,-0.0
2025-01-08 09:00:00,-0.0,-0.0,-0.0,-0.0,3632.758,501.735,2218.448,2265.0,61761.0,-0.0
2025-01-08 10:00:00,-0.0,-0.0,-0.0,-0.0,2742.612,358.67,3618.616,2265.0,61761.0,-0.0
2025-01-08 11:00:00,-0.0,-0.0,-0.0,-0.0,2526.09,288.145,4673.288,2265.0,61761.0,-0.0
2025-01-08 12:00:00,-0.0,-0.0,-0.0,-0.0,2309.568,364.715,5127.888,2265.0,61761.0,-0.0
2025-01-08 13:00:00,-0.0,-0.0,-0.0,-0.0,2141.162,525.915,4727.84,2265.0,61761.0,-0.0
2025-01-08 14:00:00,-0.0,-0.0,-0.0,-0.0,2237.394,586.365,3691.352,2265.0,61761.0,-0.0
2025-01-08 15:00:00,-0.0,-0.0,-0.0,-0.0,2405.8,616.59,2182.08,2265.0,61761.0,-0.0
2025-01-08 16:00:00,-0.0,-0.0,-0.0,-0.0,2766.67,689.13,381.864,2265.0,61761.0,-0.0
2025-01-08 17:00:00,-0.0,-0.0,-0.0,-0.0,3007.25,729.43,-0.0,2265.0,61761.0,-0.0
2025-01-08 18:00:00,-0.0,-0.0,-0.0,-0.0,3031.308,785.85,-0.0,2265.0,61761.0,-0.0
2025-01-08 19:00:00,-0.0,-0.0,-0.0,-0.0,2766.67,828.165,-0.0,2265.0,61761.0,-0.0
2025-01-08 20:00:00,-0.0,-0.0,-0.0,-0.0,2405.8,914.81,-0.0,2265.0,58264.555,-0.0
2025-01-08 21:00:00,-0.0,-0.0,-0.0,-0.0,2117.104,959.14,-0.0,2265.0,60912.756,-0.0
2025-01-08 22:00:00,-0.0,-0.0,-0.0,-0.0,1635.944,725.4,-0.0,2265.0,61174.655999999995,-0.0
2025-01-08 23:00:00,-0.0,-0.0,-0.0,-0.0,1347.248,614.575,-0.0,2265.0,61761.0,-0.0
2025-01-09 00:00:00,-0.0,-0.0,-0.0,-0.0,1299.132,709.28,-0.0,2265.0,61761.0,-0.0
2025-01-09 01:00:00,-0.0,-0.0,-0.0,-0.0,1443.48,731.445,-0.0,2265.0,61761.0,-0.0
2025-01-09 02:00:00,-0.0,-0.0,-0.0,-0.0,1684.06,773.76,-0.0,2265.0,44983.701,-0.0
2025-01-09 03:00:00,-0.0,-0.0,-0.0,-0.0,2093.046,820.105,-0.0,2265.0,61761.0,-0.0
2025-01-09 04:00:00,-0.0,-0.0,-0.0,-0.0,2502.032,864.435,-0.0,2265.0,61761.0,-0.0
2025-01-09 05:00:00,-0.0,-0.0,-0.0,-0.0,2911.018,906.75,-0.0,2265.0,61761.0,-0.0
2025-01-09 06:00:00,-0.0,-0.0,-0.0,-0.0,3175.656,914.81,-0.0,2265.0,61761.0,-0.0
2025-01-09 07:00:00,-0.0,-0.0,-0.0,-0.0,3223.772,896.675,-0.0,2265.0,61761.0,-0.0
2025-01-09 08:00:00,-0.0,-0.0,-0.0,-0.0,3079.424,824.135,891.016,2265.0,61761.0,-0.0
2025-01-09 09:00:00,-0.0,-0.0,-0.0,-0.0,2790.728,761.67,2618.496,2265.0,61761.0,-0.0
2025-01-09 10:00:00,-0.0,-0.0,-0.0,-0.0,1443.48,636.74,4127.768,2265.0,61761.0,-0.0
2025-01-09 11:00:00,-0.0,-0.0,-0.0,-0.0,1178.842,580.32,5327.912,2265.0,61761.0,-0.0
2025-01-09 12:00:00,-0.0,-0.0,-0.0,-0.0,1323.19,574.275,5927.984,2265.0,61761.0,-0.0
2025-01-09 13:00:00,-0.0,-0.0,-0.0,-0.0,1660.002,646.815,5455.2,2265.0,61761.0,-0.0
2025-01-09 14:00:00,-0.0,-0.0,-0.0,-0.0,2093.046,789.88,4218.688,2265.0,61761.0,-0.0
2025-01-09 15:00:00,-0.0,-0.0,-0.0,-0.0,2694.496,955.11,2473.024,2265.0,61761.0,-0.0
2025-01-09 16:00:00,-0.0,-0.0,-0.0,-0.0,3392.178,1071.98,400.048,2265.0,61761.0,-0.0
2025-01-09 17:00:00,-0.0,-0.0,-0.0,-0.0,4450.73,1071.98,-0.0,2265.0,61761.0,-0.0
2025-01-09 18:00:00,-0.0,-0.0,-0.0,-0.0,5437.108,1041.755,-0.0,2265.0,61761.0,-0.0
2025-01-09 19:00:00,-0.0,-0.0,-0.0,-0.0,6038.558,1013.545,-0.0,2265.0,61761.0,-0.0
2025-01-09 20:00:00,-0.0,-0.0,-0.0,-0.0,6279.138,1001.455,-0.0,2265.0,61761.0,-0.0
2025-01-09 21:00:00,-0.0,-0.0,-0.0,-0.0,6231.022,973.245,-0.0,2265.0,61761.0,-0.0
2025-01-09 22:00:00,-0.0,-0.0,-0.0,-0.0,4546.962,735.475,-0.0,2265.0,61761.0,-0.0
2025-01-09 23:00:00,-0.0,-0.0,-0.0,-0.0,4907.832,598.455,-0.0,2265.0,51356.312999999995,-0.0
2025-01-10 00:00:00,-0.0,-0.0,-0.0,-0.0,5605.514,564.2,-0.0,2265.0,43665.286,-0.0
2025-01-10 01:00:00,-0.0,-0.0,-0.0,-0.0,6110.732,588.38,-0.0,2265.0,61104.88799999999,-0.0
2025-01-10 02:00:00,-0.0,-0.0,-0.0,-0.0,6206.964,685.1,-0.0,2265.0,58812.936,-0.0
2025-01-10 03:00:00,-0.0,-0.0,-0.0,-0.0,6182.906,751.595,-0.0,2265.0,58075.498999999996,-0.0
2025-01-10 04:00:00,-0.0,-0.0,-0.0,-0.0,5797.978,755.625,-0.0,2265.0,40448.397,-0.0
2025-01-10 05:00:00,-0.0,-0.0,-0.0,-0.0,5364.934,713.31,-0.0,2265.0,59100.964,-0.0
2025-01-10 06:00:00,-0.0,-0.0,-0.0,-0.0,5124.354,642.785,-0.0,2265.0,61761.0,-0.0
2025-01-10 07:00:00,-0.0,-0.0,-0.0,-0.0,5124.354,642.785,-0.0,2265.0,61761.0,-0.0
2025-01-10 08:00:00,-0.0,-0.0,-0.0,-0.0,5076.238,634.725,345.496,2265.0,61761.0,-0.0
2025-01-10 09:00:00,-0.0,-0.0,-0.0,-0.0,4691.31,632.71,1309.248,2265.0,61761.0,-0.0
2025-01-10 10:00:00,-0.0,-0.0,-0.0,-0.0,4234.208,600.47,2473.024,2265.0,61761.0,-0.0
2025-01-10 11:00:00,-0.0,-0.0,-0.0,-0.0,4113.918,489.645,3473.144,2265.0,61761.0,-0.0
2025-01-10 12:00:00,-0.0,-0.0,-0.0,-0.0,4546.962,390.91,3891.376,2265.0,61761.0,-0.0
2025-01-10 13:00:00,-0.0,-0.0,-0.0,-0.0,3969.57,334.49,3654.984,2265.0,61761.0,-0.0
2025-01-10 14:00:00,-0.0,-0.0,-0.0,-0.0,3247.83,221.65,2800.336,2265.0,61761.0,-0.0
2025-01-10 15:00:00,-0.0,-0.0,-0.0,-0.0,2502.032,106.795,1563.824,2265.0,61761.0,-0.0
2025-01-10 16:00:00,-0.0,-0.0,-0.0,-0.0,1996.814,100.75,272.76,2265.0,61761.0,-0.0
2025-01-10 17:00:00,-0.0,-0.0,-0.0,-0.0,1948.698,116.87,-0.0,2265.0,61761.0,-0.0
2025-01-10 18:00:00,-0.0,-0.0,-0.0,-0.0,2044.93,96.72,-0.0,2265.0,61761.0,-0.0
2025-01-10 19:00:00,-0.0,-0.0,-0.0,-0.0,2165.22,88.66,-0.0,2265.0,61761.0,-0.0
2025-01-10 20:00:00,-0.0,-0.0,-0.0,-0.0,2068.988,56.42,-0.0,2265.0,61761.0,-0.0
2025-01-10 21:00:00,-0.0,-0.0,-0.0,-0.0,1924.64,32.24,-0.0,2265.0,61761.0,-0.0
2025-01-10 22:00:00,-0.0,-0.0,-0.0,-0.0,1515.654,34.255,-0.0,2265.0,61761.0,-0.0
2025-01-10 23:00:00,-0.0,-0.0,-0.0,-0.0,1491.596,34.255,-0.0,2265.0,59305.149000000005,-0.0
2025-01-11 00:00:00,-0.0,-0.0,-0.0,-0.0,1419.422,32.24,-0.0,2265.0,61761.0,-0.0
2025-01-11 01:00:00,-0.0,-0.0,-0.0,-0.0,1299.132,32.24,-0.0,2265.0,61340.294,-0.0
2025-01-11 02:00:00,-0.0,-0.0,-0.0,-0.0,1251.016,30.225,-0.0,2265.0,61761.0,-0.0
2025-01-11 03:00:00,-0.0,-0.0,-0.0,-0.0,1130.726,70.525,-0.0,2265.0,61761.0,-0.0
2025-01-11 04:00:00,-0.0,-0.0,-0.0,-0.0,1034.494,169.26,-0.0,2265.0,61761.0,-0.0
2025-01-11 05:00:00,-0.0,-0.0,-0.0,-0.0,1058.552,223.665,-0.0,2265.0,61761.0,-0.0
2025-01-11 06:00:00,-0.0,-0.0,-0.0,-0.0,1178.842,306.28,-0.0,2265.0,61761.0,-0.0
2025-01-11 07:00:00,-0.0,-0.0,-0.0,-0.0,1419.422,560.17,-0.0,2265.0,61761.0,-0.0
2025-01-11 08:00:00,-0.0,-0.0,-0.0,-0.0,1996.814,945.035,418.232,2265.0,61761.0,-0.0
2025-01-11 09:00:00,-0.0,-0.0,-0.0,-0.0,2670.438,1057.875,2036.608,2265.0,61761.0,-0.0
2025-01-11 10:00:00,-0.0,-0.0,-0.0,-0.0,3127.54,1190.865,3764.088,2265.0,61761.0,-0.0
2025-01-11 11:00:00,-0.0,-0.0,-0.0,-0.0,3320.004,1225.12,5236.992,2265.0,61761.0,-0.0
2025-01-11 12:00:00,-0.0,-0.0,-0.0,-0.0,3801.164,1436.695,5946.168,2265.0,61761.0,-0.0
2025-01-11 13:00:00,-0.0,-0.0,-0.0,-0.0,4113.918,1680.51,5546.12,2265.0,61761.0,-0.0
2025-01-11 14:00:00,-0.0,-0.0,-0.0,-0.0,3897.396,1773.2,4345.976,2265.0,51408.074,-0.0
2025-01-11 15:00:00,-0.0,-0.0,-0.0,-0.0,3753.048,1789.32,2654.864,2265.0,61761.0,-0.0
2025-01-11 16:00:00,-0.0,-0.0,-0.0,-0.0,3897.396,1791.335,618.256,2265.0,61761.0,-0.0
2025-01-11 17:00:00,-0.0,-0.0,-0.0,-0.0,4643.194,1801.41,-0.0,2265.0,61761.0,-0.0
2025-01-11 18:00:00,-0.0,-0.0,-0.0,-0.0,5533.34,1813.5,-0.0,2265.0,61761.0,-0.0
2025-01-11 19:00:00,-0.0,-0.0,-0.0,-0.0,6495.66,1815.515,-0.0,2265.0,58236.825,-0.0
2025-01-11 20:00:00,-0.0,-0.0,-0.0,-0.0,7482.038,1833.65,-0.0,2265.0,54191.312,-0.0
2025-01-11 21:00:00,-0.0,-0.0,-0.0,-0.0,8083.488,1847.755,-0.0,2265.0,58293.702000000005,-0.0
2025-01-11 22:00:00,-0.0,-0.0,-0.0,-0.0,8420.3,1847.755,-0.0,2265.0,61761.0,-0.0
2025-01-11 23:00:00,-0.0,-0.0,-0.0,-0.0,9214.214,1857.83,-0.0,2265.0,40705.956,-0.0
2025-01-12 00:00:00,-0.0,-0.0,-0.0,-0.0,9791.606,1871.935,-0.0,2265.0,59182.459,-0.0
2025-01-12 01:00:00,-0.0,-0.0,-0.0,-0.0,10200.592,1877.98,-0.0,2265.0,36879.428,-0.0
2025-01-12 02:00:00,-0.0,-0.0,-0.0,-0.0,10681.752,1882.01,-0.0,2265.0,47642.227,-0.0
2025-01-12 03:00:00,-0.0,-0.0,-0.0,-0.0,11379.434,1882.01,-0.0,2265.0,53197.556,-0.0
2025-01-12 04:00:00,-0.0,-0.0,-0.0,-0.0,11788.42,1884.025,-0.0,2265.0,34712.555,-0.0
2025-01-12 05:00:00,-0.0,-0.0,-0.0,-0.0,12269.58,1875.965,-0.0,2265.0,60464.455,-0.0
2025-01-12 06:00:00,-0.0,-0.0,-0.0,-0.0,12798.856,1767.155,-0.0,2265.0,61761.0,-0.0
2025-01-12 07:00:00,-0.0,-0.0,-0.0,-0.0,13664.944,1726.855,-0.0,2265.0,44843.201,-0.0
2025-01-12 08:00:00,-0.0,-0.0,-0.0,-0.0,14531.032,1829.62,581.888,2265.0,43565.46,-0.0
2025-01-12 09:00:00,-0.0,-0.0,-0.0,-0.0,15204.656,1871.935,2473.024,2265.0,59197.384999999995,-0.0
2025-01-12 10:00:00,-0.0,-0.0,-0.0,-0.0,15276.83,1819.545,4200.504,2265.0,38198.121,-0.0
2025-01-12 11:00:00,-0.0,-0.0,-0.0,-0.0,15228.714,1728.87,5473.384,2265.0,46744.032,-0.0
2025-01-12 12:00:00,-0.0,-0.0,-0.0,-0.0,15373.062,1759.095,5818.88,2265.0,44017.963,-0.0
2025-01-12 13:00:00,-0.0,-0.0,-0.0,-0.0,15204.656,1787.305,5327.912,2265.0,53139.12700000001,-0.0
2025-01-12 14:00:00,-0.0,-0.0,-0.0,-0.0,15469.294,1722.825,4273.24,2265.0,32790.641,-0.0
2025-01-12 15:00:00,-0.0,-0.0,-0.0,-0.0,15132.482,1616.03,2600.312,2265.0,44513.17600000001,-0.0
2025-01-12 16:00:00,-0.0,-0.0,-0.0,-0.0,14097.988,1416.545,581.888,2265.0,61580.579,-0.0
2025-01-12 17:00:00,-0.0,-0.0,-0.0,-0.0,13063.494,1249.3,-0.0,2265.0,61761.0,-0.0
2025-01-12 18:00:00,-0.0,-0.0,-0.0,-0.0,12053.058,1007.5,-0.0,2265.0,44548.441999999995,-0.0
2025-01-12 19:00:00,-0.0,-0.0,-0.0,-0.0,10850.158,777.79,-0.0,2265.0,45797.258,-0.0
2025-01-12 20:00:00,-0.0,-0.0,-0.0,-0.0,9863.78,606.515,-0.0,2265.0,60501.705,-0.0
2025-01-12 21:00:00,-0.0,-0.0,-0.0,-0.0,9021.75,449.345,-0.0,2265.0,61761.0,-0.0
2025-01-12 22:00:00,-0.0,-0.0,-0.0,-0.0,7145.226,340.535,-0.0,2265.0,46033.238999999994,-0.0
2025-01-12 23:00:00,-0.0,-0.0,-0.0,-0.0,6543.776,417.105,-0.0,2265.0,53978.024,-0.0
2025-01-13 00:00:00,-0.0,-0.0,-0.0,-0.0,5605.514,445.315,-0.0,2265.0,61387.170999999995,-0.0
2025-01-13 01:00:00,-0.0,-0.0,-0.0,-0.0,4835.658,612.56,-0.0,2265.0,40001.782,-0.0
2025-01-13 02:00:00,-0.0,-0.0,-0.0,-0.0,3777.106,797.94,-0.0,2265.0,38860.954,-0.0
2025-01-13 03:00:00,-0.0,-0.0,-0.0,-0.0,2983.192,1051.83,-0.0,2265.0,58618.977999999996,-0.0
2025-01-13 04:00:00,-0.0,-0.0,-0.0,-0.0,2670.438,1378.26,-0.0,2265.0,39364.301999999996,-0.0
2025-01-13 05:00:00,-0.0,-0.0,-0.0,-0.0,2718.554,1571.7,-0.0,2265.0,51559.746,-0.0
2025-01-13 06:00:00,-0.0,-0.0,-0.0,-0.0,2790.728,1644.24,-0.0,2265.0,61761.0,-0.0
2025-01-13 07:00:00,-0.0,-0.0,-0.0,-0.0,2935.076,1688.57,-0.0,2265.0,59386.386000000006,-0.0
2025-01-13 08:00:00,-0.0,-0.0,-0.0,-0.0,3199.714,1710.735,909.2,2265.0,47747.351,-0.0
2025-01-13 09:00:00,-0.0,-0.0,-0.0,-0.0,3608.7,1769.17,3000.36,2265.0,61761.0,-0.0
2025-01-13 10:00:00,-0.0,-0.0,-0.0,-0.0,3368.12,1825.59,5018.784,2265.0,61761.0,-0.0
2025-01-13 11:00:00,-0.0,-0.0,-0.0,-0.0,3271.888,1837.68,6600.792,2265.0,42913.64,-0.0
2025-01-13 12:00:00,-0.0,-0.0,-0.0,-0.0,3512.468,1841.71,7255.416,2265.0,42279.682,-0.0
2025-01-13 13:00:00,-0.0,-0.0,-0.0,-0.0,4017.686,1841.71,7073.576,2265.0,46326.028,-0.0
2025-01-13 14:00:00,-0.0,-0.0,-0.0,-0.0,4306.382,1839.695,5891.616,2265.0,45776.307,-0.0
2025-01-13 15:00:00,-0.0,-0.0,-0.0,-0.0,4450.73,1839.695,3745.904,2265.0,48510.581000000006,-0.0
2025-01-13 16:00:00,-0.0,-0.0,-0.0,-0.0,4835.658,1837.68,963.752,2265.0,61761.0,-0.0
2025-01-13 17:00:00,-0.0,-0.0,-0.0,-0.0,5629.572,1835.665,-0.0,2265.0,46443.763,-0.0
2025-01-13 18:00:00,-0.0,-0.0,-0.0,-0.0,6543.776,1835.665,-0.0,2265.0,54292.559,-0.0
2025-01-13 19:00:00,-0.0,-0.0,-0.0,-0.0,7433.922,1833.65,-0.0,2265.0,50370.428,-0.0
2025-01-13 20:00:00,-0.0,-0.0,-0.0,-0.0,8011.314,1833.65,-0.0,2265.0,57779.03600000001,-0.0
2025-01-13 21:00:00,-0.0,-0.0,-0.0,-0.0,8540.59,1833.65,-0.0,2265.0,60187.76000000001,-0.0
2025-01-13 22:00:00,-0.0,-0.0,-0.0,-0.0,10489.288,1833.65,-0.0,2265.0,39258.062,-0.0
2025-01-13 23:00:00,-0.0,-0.0,-0.0,-0.0,10393.056,1831.635,-0.0,2265.0,35964.308999999994,-0.0
2025-01-14 00:00:00,-0.0,-0.0,-0.0,-0.0,10489.288,1829.62,-0.0,2265.0,54725.092,-0.0
2025-01-14 01:00:00,-0.0,-0.0,-0.0,-0.0,10585.52,1833.65,-0.0,2265.0,32381.829999999998,-0.0
2025-01-14 02:00:00,-0.0,-0.0,-0.0,-0.0,10777.984,1833.65,-0.0,2265.0,49472.365999999995,-0.0
2025-01-14 03:00:00,-0.0,-0.0,-0.0,-0.0,11307.26,1831.635,-0.0,2265.0,27497.104999999996,-0.0
2025-01-14 04:00:00,-0.0,-0.0,-0.0,-0.0,11620.014,1833.65,-0.0,2265.0,47094.335999999996,-0.0
2025-01-14 05:00:00,-0.0,-0.0,-0.0,-0.0,11764.362,1833.65,-0.0,2265.0,28055.987999999998,-0.0
2025-01-14 06:00:00,-0.0,-0.0,-0.0,-0.0,11884.652,1835.665,-0.0,2265.0,39167.683,-0.0
2025-01-14 07:00:00,-0.0,-0.0,-0.0,-0.0,11788.42,1813.5,-0.0,2265.0,40987.08,-0.0
2025-01-14 08:00:00,-0.0,-0.0,-0.0,-0.0,11283.202,1626.105,1163.776,2265.0,42948.917,-0.0
2025-01-14 09:00:00,-0.0,-0.0,-0.0,-0.0,10128.418,1474.98,3564.064,2265.0,52192.538,-0.0
2025-01-14 10:00:00,-0.0,-0.0,-0.0,-0.0,8396.242,1390.35,5546.12,2265.0,34114.288,-0.0
2025-01-14 11:00:00,-0.0,-0.0,-0.0,-0.0,6856.53,1257.36,7091.76,2265.0,55740.35,-0.0
2025-01-14 12:00:00,-0.0,-0.0,-0.0,-0.0,6062.616,1243.255,7691.832,2265.0,32363.297,-0.0
2025-01-14 13:00:00,-0.0,-0.0,-0.0,-0.0,5316.818,1307.735,7237.232,2265.0,40890.215,-0.0
2025-01-14 14:00:00,-0.0,-0.0,-0.0,-0.0,4595.078,1213.03,5855.248,2265.0,42732.087,-0.0
2025-01-14 15:00:00,-0.0,-0.0,-0.0,-0.0,3897.396,1148.55,3636.8,2265.0,54459.25399999999,-0.0
2025-01-14 16:00:00,-0.0,-0.0,-0.0,-0.0,3368.12,926.9,891.016,2265.0,42676.96399999999,-0.0
2025-01-14 17:00:00,-0.0,-0.0,-0.0,-0.0,3223.772,846.3,-0.0,2265.0,61761.0,-0.0
2025-01-14 18:00:00,-0.0,-0.0,-0.0,-0.0,3127.54,932.945,-0.0,2265.0,61761.0,-0.0
2025-01-14 19:00:00,-0.0,-0.0,-0.0,-0.0,3103.482,989.365,-0.0,2265.0,44717.153000000006,-0.0
2025-01-14 20:00:00,-0.0,-0.0,-0.0,-0.0,3223.772,1188.85,-0.0,2265.0,61761.0,-0.0
2025-01-14 21:00:00,-0.0,-0.0,-0.0,-0.0,3151.598,1313.78,-0.0,2265.0,45977.0,-0.0
2025-01-14 22:00:00,-0.0,-0.0,-0.0,-0.0,3368.12,1521.325,-0.0,2265.0,55070.555,-0.0
2025-01-14 23:00:00,-0.0,-0.0,-0.0,-0.0,3488.41,1525.355,-0.0,2265.0,52832.235,-0.0
